Workbook

Sheet onboarding_funnel_dataset
A1: user_id | B1: timestamp | C1: event
A2: 5186 | B2: 45292.054 | C2: registration
A3: 1087 | B3: 45292.111 | C3: registration
A4: 6536 | B4: 45292.147 | C4: registration
A5: 3273 | B5: 45292.152 | C5: registration
A6: 7437 | B6: 45292.158 | C6: registration
A7: 467 | B7: 45292.177 | C7: registration
A8: 4490 | B8: 45292.203 | C8: registration
A9: 1967 | B9: 45292.243 | C9: registration
A10: 3419 | B10: 45292.268 | C10: registration
A11: 7246 | B11: 45292.288 | C11: profile_completed
A12: 2169 | B12: 45292.302 | C12: registration
A13: 6275 | B13: 45292.307 | C13: registration
... A3000: 249 | B3000: 45336.964 | C3000: purchase
A3001: 4568 | C3001: profile_completed
A3002: 6022 | C3002: profile_completed
A3003: 9 | C3003: registration
A3004: 2352 | C3004: purchase
A3005: 6345 | C3005: purchase
A3006: 5127 | C3006: profile_completed
A3007: 738 | C3007: purchase
A3008: 6996 | C3008: registration
A3009: 551 | C3009: profile_completed
A3010: 2459 | C3010: view_product
A3011: 2978 | C3011: registration
A3012: 1818 | C3012: add_to_cart
... A12206: 7616 | C12206: purchase

Sheet purchases
A1: user_id | B1: timestamp | C1: event | D1: date | E1: week_start | F1: month_start
A2: =IFERROR(__xludf.DUMMYFUNCTION("FILTER(onboarding_funnel_dataset!A2:C12206, onboarding_funnel_dataset!C2:C12206 = ""purchase"") "),6536) -> 6536 | B2: =IFERROR(__xludf.DUMMYFUNCTION("""COMPUTED_VALUE"""),45293.2406134259) -> 45293.241 | C2: =IFERROR(__xludf.DUMMYFUNCTION("""COMPUTED_VALUE"""),"purchase") -> purchase | D2: =INT(B2) -> 45293 | E2: =D2-WEEKDAY(D2,2)+1 -> 45292 | F2: =DATE(YEAR(D2), MONTH(D2), 1) -> 45292
A3: =IFERROR(__xludf.DUMMYFUNCTION("""COMPUTED_VALUE"""),510) -> 510 | B3: =IFERROR(__xludf.DUMMYFUNCTION("""COMPUTED_VALUE"""),45294.1383680555) -> 45294.138 | C3: =IFERROR(__xludf.DUMMYFUNCTION("""COMPUTED_VALUE"""),"purchase") -> purchase | D3: =INT(B3) -> 45294 | E3: =D3-WEEKDAY(D3,2)+1 -> 45292 | F3: =DATE(YEAR(D3), MONTH(D3), 1) -> 45292
A4: =IFERROR(__xludf.DUMMYFUNCTION("""COMPUTED_VALUE"""),5872) -> 5872 | B4: =IFERROR(__xludf.DUMMYFUNCTION("""COMPUTED_VALUE"""),45294.1801851851) -> 45294.18 | C4: =IFERROR(__xludf.DUMMYFUNCTION("""COMPUTED_VALUE"""),"purchase") -> purchase | D4: =INT(B4) -> 45294 | E4: =D4-WEEKDAY(D4,2)+1 -> 45292 | F4: =DATE(YEAR(D4), MONTH(D4), 1) -> 45292
A5: =IFERROR(__xludf.DUMMYFUNCTION("""COMPUTED_VALUE"""),6275) -> 6275 | B5: =IFERROR(__xludf.DUMMYFUNCTION("""COMPUTED_VALUE"""),45294.6627083333) -> 45294.663 | C5: =IFERROR(__xludf.DUMMYFUNCTION("""COMPUTED_VALUE"""),"purchase") -> purchase | D5: =INT(B5) -> 45294 | E5: =D5-WEEKDAY(D5,2)+1 -> 45292 | F5: =DATE(YEAR(D5), MONTH(D5), 1) -> 45292
A6: =IFERROR(__xludf.DUMMYFUNCTION("""COMPUTED_VALUE"""),1374) -> 1374 | B6: =IFERROR(__xludf.DUMMYFUNCTION("""COMPUTED_VALUE"""),45295.1192708333) -> 45295.119 | C6: =IFERROR(__xludf.DUMMYFUNCTION("""COMPUTED_VALUE"""),"purchase") -> purchase | D6: =INT(B6) -> 45295 | E6: =D6-WEEKDAY(D6,2)+1 -> 45292 | F6: =DATE(YEAR(D6), MONTH(D6), 1) -> 45292
A7: =IFERROR(__xludf.DUMMYFUNCTION("""COMPUTED_VALUE"""),504) -> 504 | B7: =IFERROR(__xludf.DUMMYFUNCTION("""COMPUTED_VALUE"""),45295.2700462962) -> 45295.27 | C7: =IFERROR(__xludf.DUMMYFUNCTION("""COMPUTED_VALUE"""),"purchase") -> purchase | D7: =INT(B7) -> 45295 | E7: =D7-WEEKDAY(D7,2)+1 -> 45292 | F7: =DATE(YEAR(D7), MONTH(D7), 1) -> 45292
A8: =IFERROR(__xludf.DUMMYFUNCTION("""COMPUTED_VALUE"""),1314) -> 1314 | B8: =IFERROR(__xludf.DUMMYFUNCTION("""COMPUTED_VALUE"""),45295.3218518518) -> 45295.322 | C8: =IFERROR(__xludf.DUMMYFUNCTION("""COMPUTED_VALUE"""),"purchase") -> purchase | D8: =INT(B8) -> 45295 | E8: =D8-WEEKDAY(D8,2)+1 -> 45292 | F8: =DATE(YEAR(D8), MONTH(D8), 1) -> 45292
A9: =IFERROR(__xludf.DUMMYFUNCTION("""COMPUTED_VALUE"""),5888) -> 5888 | B9: =IFERROR(__xludf.DUMMYFUNCTION("""COMPUTED_VALUE"""),45295.3429513887) -> 45295.343 | C9: =IFERROR(__xludf.DUMMYFUNCTION("""COMPUTED_VALUE"""),"purchase") -> purchase | D9: =INT(B9) -> 45295 | E9: =D9-WEEKDAY(D9,2)+1 -> 45292 | F9: =DATE(YEAR(D9), MONTH(D9), 1) -> 45292
A10: =IFERROR(__xludf.DUMMYFUNCTION("""COMPUTED_VALUE"""),1704) -> 1704 | B10: =IFERROR(__xludf.DUMMYFUNCTION("""COMPUTED_VALUE"""),45295.4683449074) -> 45295.468 | C10: =IFERROR(__xludf.DUMMYFUNCTION("""COMPUTED_VALUE"""),"purchase") -> purchase | D10: =INT(B10) -> 45295 | E10: =D10-WEEKDAY(D10,2)+1 -> 45292 | F10: =DATE(YEAR(D10), MONTH(D10), 1) -> 45292
A11: =IFERROR(__xludf.DUMMYFUNCTION("""COMPUTED_VALUE"""),3575) -> 3575 | B11: =IFERROR(__xludf.DUMMYFUNCTION("""COMPUTED_VALUE"""),45295.5886458333) -> 45295.589 | C11: =IFERROR(__xludf.DUMMYFUNCTION("""COMPUTED_VALUE"""),"purchase") -> purchase | D11: =INT(B11) -> 45295 | E11: =D11-WEEKDAY(D11,2)+1 -> 45292 | F11: =DATE(YEAR(D11), MONTH(D11), 1) -> 45292
A12: =IFERROR(__xludf.DUMMYFUNCTION("""COMPUTED_VALUE"""),5565) -> 5565 | B12: =IFERROR(__xludf.DUMMYFUNCTION("""COMPUTED_VALUE"""),45295.8714583333) -> 45295.871 | C12: =IFERROR(__xludf.DUMMYFUNCTION("""COMPUTED_VALUE"""),"purchase") -> purchase | D12: =INT(B12) -> 45295 | E12: =D12-WEEKDAY(D12,2)+1 -> 45292 | F12: =DATE(YEAR(D12), MONTH(D12), 1) -> 45292
A13: =IFERROR(__xludf.DUMMYFUNCTION("""COMPUTED_VALUE"""),211) -> 211 | B13: =IFERROR(__xludf.DUMMYFUNCTION("""COMPUTED_VALUE"""),45295.9390856481) -> 45295.939 | C13: =IFERROR(__xludf.DUMMYFUNCTION("""COMPUTED_VALUE"""),"purchase") -> purchase | D13: =INT(B13) -> 45295 | E13: =D13-WEEKDAY(D13,2)+1 -> 45292 | F13: =DATE(YEAR(D13), MONTH(D13), 1) -> 45292
A14: =IFERROR(__xludf.DUMMYFUNCTION("""COMPUTED_VALUE"""),1738) -> 1738 | B14: =IFERROR(__xludf.DUMMYFUNCTION("""COMPUTED_VALUE"""),45296.0533680555) -> 45296.053 | C14: =IFERROR(__xludf.DUMMYFUNCTION("""COMPUTED_VALUE"""),"purchase") -> purchase | D14: =INT(B14) -> 45296 | E14: =D14-WEEKDAY(D14,2)+1 -> 45292 | F14: =DATE(YEAR(D14), MONTH(D14), 1) -> 45292
A15: =IFERROR(__xludf.DUMMYFUNCTION("""COMPUTED_VALUE"""),6522) -> 6522 | B15: =IFERROR(__xludf.DUMMYFUNCTION("""COMPUTED_VALUE"""),45296.0851388887) -> 45296.085 | C15: =IFERROR(__xludf.DUMMYFUNCTION("""COMPUTED_VALUE"""),"purchase") -> purchase | D15: =INT(B15) -> 45296 | E15: =D15-WEEKDAY(D15,2)+1 -> 45292 | F15: =DATE(YEAR(D15), MONTH(D15), 1) -> 45292
A16: =IFERROR(__xludf.DUMMYFUNCTION("""COMPUTED_VALUE"""),7602) -> 7602 | B16: =IFERROR(__xludf.DUMMYFUNCTION("""COMPUTED_VALUE"""),45296.3326388888) -> 45296.333 | C16: =IFERROR(__xludf.DUMMYFUNCTION("""COMPUTED_VALUE"""),"purchase") -> purchase | D16: =INT(B16) -> 45296 | E16: =D16-WEEKDAY(D16,2)+1 -> 45292 | F16: =DATE(YEAR(D16), MONTH(D16), 1) -> 45292
A17: =IFERROR(__xludf.DUMMYFUNCTION("""COMPUTED_VALUE"""),7811) -> 7811 | B17: =IFERROR(__xludf.DUMMYFUNCTION("""COMPUTED_VALUE"""),45296.3785532407) -> 45296.379 | C17: =IFERROR(__xludf.DUMMYFUNCTION("""COMPUTED_VALUE"""),"purchase") -> purchase | D17: =INT(B17) -> 45296 | E17: =D17-WEEKDAY(D17,2)+1 -> 45292 | F17: =DATE(YEAR(D17), MONTH(D17), 1) -> 45292
A18: =IFERROR(__xludf.DUMMYFUNCTION("""COMPUTED_VALUE"""),4490) -> 4490 | B18: =IFERROR(__xludf.DUMMYFUNCTION("""COMPUTED_VALUE"""),45296.4332754629) -> 45296.433 | C18: =IFERROR(__xludf.DUMMYFUNCTION("""COMPUTED_VALUE"""),"purchase") -> purchase | D18: =INT(B18) -> 45296 | E18: =D18-WEEKDAY(D18,2)+1 -> 45292 | F18: =DATE(YEAR(D18), MONTH(D18), 1) -> 45292
A19: =IFERROR(__xludf.DUMMYFUNCTION("""COMPUTED_VALUE"""),3255) -> 3255 | B19: =IFERROR(__xludf.DUMMYFUNCTION("""COMPUTED_VALUE"""),45296.7306481481) -> 45296.731 | C19: =IFERROR(__xludf.DUMMYFUNCTION("""COMPUTED_VALUE"""),"purchase") -> purchase | D19: =INT(B19) -> 45296 | E19: =D19-WEEKDAY(D19,2)+1 -> 45292 | F19: =DATE(YEAR(D19), MONTH(D19), 1) -> 45292
A20: =IFERROR(__xludf.DUMMYFUNCTION("""COMPUTED_VALUE"""),5147) -> 5147 | B20: =IFERROR(__xludf.DUMMYFUNCTION("""COMPUTED_VALUE"""),45296.8191435185) -> 45296.819 | C20: =IFERROR(__xludf.DUMMYFUNCTION("""COMPUTED_VALUE"""),"purchase") -> purchase | D20: =INT(B20) -> 45296 | E20: =D20-WEEKDAY(D20,2)+1 -> 45292 | F20: =DATE(YEAR(D20), MONTH(D20), 1) -> 45292
A21: =IFERROR(__xludf.DUMMYFUNCTION("""COMPUTED_VALUE"""),4032) -> 4032 | B21: =IFERROR(__xludf.DUMMYFUNCTION("""COMPUTED_VALUE"""),45296.9624652777) -> 45296.962 | C21: =IFERROR(__xludf.DUMMYFUNCTION("""COMPUTED_VALUE"""),"purchase") -> purchase | D21: =INT(B21) -> 45296 | E21: =D21-WEEKDAY(D21,2)+1 -> 45292 | F21: =DATE(YEAR(D21), MONTH(D21), 1) -> 45292
A22: =IFERROR(__xludf.DUMMYFUNCTION("""COMPUTED_VALUE"""),3218) -> 3218 | B22: =IFERROR(__xludf.DUMMYFUNCTION("""COMPUTED_VALUE"""),45297.2231018518) -> 45297.223 | C22: =IFERROR(__xludf.DUMMYFUNCTION("""COMPUTED_VALUE"""),"purchase") -> purchase | D22: =INT(B22) -> 45297 | E22: =D22-WEEKDAY(D22,2)+1 -> 45292 | F22: =DATE(YEAR(D22), MONTH(D22), 1) -> 45292
A23: =IFERROR(__xludf.DUMMYFUNCTION("""COMPUTED_VALUE"""),4776) -> 4776 | B23: =IFERROR(__xludf.DUMMYFUNCTION("""COMPUTED_VALUE"""),45297.2730208333) -> 45297.273 | C23: =IFERROR(__xludf.DUMMYFUNCTION("""COMPUTED_VALUE"""),"purchase") -> purchase | D23: =INT(B23) -> 45297 | E23: =D23-WEEKDAY(D23,2)+1 -> 45292 | F23: =DATE(YEAR(D23), MONTH(D23), 1) -> 45292
A24: =IFERROR(__xludf.DUMMYFUNCTION("""COMPUTED_VALUE"""),5781) -> 5781 | B24: =IFERROR(__xludf.DUMMYFUNCTION("""COMPUTED_VALUE"""),45297.3751736111) -> 45297.375 | C24: =IFERROR(__xludf.DUMMYFUNCTION("""COMPUTED_VALUE"""),"purchase") -> purchase | D24: =INT(B24) -> 45297 | E24: =D24-WEEKDAY(D24,2)+1 -> 45292 | F24: =DATE(YEAR(D24), MONTH(D24), 1) -> 45292
A25: =IFERROR(__xludf.DUMMYFUNCTION("""COMPUTED_VALUE"""),7489) -> 7489 | B25: =IFERROR(__xludf.DUMMYFUNCTION("""COMPUTED_VALUE"""),45297.5116782407) -> 45297.512 | C25: =IFERROR(__xludf.DUMMYFUNCTION("""COMPUTED_VALUE"""),"purchase") -> purchase | D25: =INT(B25) -> 45297 | E25: =D25-WEEKDAY(D25,2)+1 -> 45292 | F25: =DATE(YEAR(D25), MONTH(D25), 1) -> 45292
A26: =IFERROR(__xludf.DUMMYFUNCTION("""COMPUTED_VALUE"""),6460) -> 6460 | B26: =IFERROR(__xludf.DUMMYFUNCTION("""COMPUTED_VALUE"""),45297.6974884259) -> 45297.697 | C26: =IFERROR(__xludf.DUMMYFUNCTION("""COMPUTED_VALUE"""),"purchase") -> purchase | D26: =INT(B26) -> 45297 | E26: =D26-WEEKDAY(D26,2)+1 -> 45292 | F26: =DATE(YEAR(D26), MONTH(D26), 1) -> 45292
A27: =IFERROR(__xludf.DUMMYFUNCTION("""COMPUTED_VALUE"""),6612) -> 6612 | B27: =IFERROR(__xludf.DUMMYFUNCTION("""COMPUTED_VALUE"""),45297.7163657407) -> 45297.716 | C27: =IFERROR(__xludf.DUMMYFUNCTION("""COMPUTED_VALUE"""),"purchase") -> purchase | D27: =INT(B27) -> 45297 | E27: =D27-WEEKDAY(D27,2)+1 -> 45292 | F27: =DATE(YEAR(D27), MONTH(D27), 1) -> 45292
A28: =IFERROR(__xludf.DUMMYFUNCTION("""COMPUTED_VALUE"""),7822) -> 7822 | B28: =IFERROR(__xludf.DUMMYFUNCTION("""COMPUTED_VALUE"""),45298.2720601851) -> 45298.272 | C28: =IFERROR(__xludf.DUMMYFUNCTION("""COMPUTED_VALUE"""),"purchase") -> purchase | D28: =INT(B28) -> 45298 | E28: =D28-WEEKDAY(D28,2)+1 -> 45292 | F28: =DATE(YEAR(D28), MONTH(D28), 1) -> 45292
A29: =IFERROR(__xludf.DUMMYFUNCTION("""COMPUTED_VALUE"""),3533) -> 3533 | B29: =IFERROR(__xludf.DUMMYFUNCTION("""COMPUTED_VALUE"""),45298.3189467592) -> 45298.319 | C29: =IFERROR(__xludf.DUMMYFUNCTION("""COMPUTED_VALUE"""),"purchase") -> purchase | D29: =INT(B29) -> 45298 | E29: =D29-WEEKDAY(D29,2)+1 -> 45292 | F29: =DATE(YEAR(D29), MONTH(D29), 1) -> 45292
A30: =IFERROR(__xludf.DUMMYFUNCTION("""COMPUTED_VALUE"""),3419) -> 3419 | B30: =IFERROR(__xludf.DUMMYFUNCTION("""COMPUTED_VALUE"""),45298.7319212963) -> 45298.732 | C30: =IFERROR(__xludf.DUMMYFUNCTION("""COMPUTED_VALUE"""),"purchase") -> purchase | D30: =INT(B30) -> 45298 | E30: =D30-WEEKDAY(D30,2)+1 -> 45292 | F30: =DATE(YEAR(D30), MONTH(D30), 1) -> 45292
A31: =IFERROR(__xludf.DUMMYFUNCTION("""COMPUTED_VALUE"""),5194) -> 5194 | B31: =IFERROR(__xludf.DUMMYFUNCTION("""COMPUTED_VALUE"""),45298.848449074) -> 45298.848 | C31: =IFERROR(__xludf.DUMMYFUNCTION("""COMPUTED_VALUE"""),"purchase") -> purchase | D31: =INT(B31) -> 45298 | E31: =D31-WEEKDAY(D31,2)+1 -> 45292 | F31: =DATE(YEAR(D31), MONTH(D31), 1) -> 45292
A32: =IFERROR(__xludf.DUMMYFUNCTION("""COMPUTED_VALUE"""),7003) -> 7003 | B32: =IFERROR(__xludf.DUMMYFUNCTION("""COMPUTED_VALUE"""),45298.9529166666) -> 45298.953 | C32: =IFERROR(__xludf.DUMMYFUNCTION("""COMPUTED_VALUE"""),"purchase") -> purchase | D32: =INT(B32) -> 45298 | E32: =D32-WEEKDAY(D32,2)+1 -> 45292 | F32: =DATE(YEAR(D32), MONTH(D32), 1) -> 45292
A33: =IFERROR(__xludf.DUMMYFUNCTION("""COMPUTED_VALUE"""),2405) -> 2405 | B33: =IFERROR(__xludf.DUMMYFUNCTION("""COMPUTED_VALUE"""),45299.1285300925) -> 45299.129 | C33: =IFERROR(__xludf.DUMMYFUNCTION("""COMPUTED_VALUE"""),"purchase") -> purchase | D33: =INT(B33) -> 45299 | E33: =D33-WEEKDAY(D33,2)+1 -> 45299 | F33: =DATE(YEAR(D33), MONTH(D33), 1) -> 45292
A34: =IFERROR(__xludf.DUMMYFUNCTION("""COMPUTED_VALUE"""),765) -> 765 | B34: =IFERROR(__xludf.DUMMYFUNCTION("""COMPUTED_VALUE"""),45299.1498032407) -> 45299.15 | C34: =IFERROR(__xludf.DUMMYFUNCTION("""COMPUTED_VALUE"""),"purchase") -> purchase | D34: =INT(B34) -> 45299 | E34: =D34-WEEKDAY(D34,2)+1 -> 45299 | F34: =DATE(YEAR(D34), MONTH(D34), 1) -> 45292
A35: =IFERROR(__xludf.DUMMYFUNCTION("""COMPUTED_VALUE"""),2993) -> 2993 | B35: =IFERROR(__xludf.DUMMYFUNCTION("""COMPUTED_VALUE"""),45299.2696064814) -> 45299.27 | C35: =IFERROR(__xludf.DUMMYFUNCTION("""COMPUTED_VALUE"""),"purchase") -> purchase | D35: =INT(B35) -> 45299 | E35: =D35-WEEKDAY(D35,2)+1 -> 45299 | F35: =DATE(YEAR(D35), MONTH(D35), 1) -> 45292
A36: =IFERROR(__xludf.DUMMYFUNCTION("""COMPUTED_VALUE"""),4363) -> 4363 | B36: =IFERROR(__xludf.DUMMYFUNCTION("""COMPUTED_VALUE"""),45299.2846527777) -> 45299.285 | C36: =IFERROR(__xludf.DUMMYFUNCTION("""COMPUTED_VALUE"""),"purchase") -> purchase | D36: =INT(B36) -> 45299 | E36: =D36-WEEKDAY(D36,2)+1 -> 45299 | F36: =DATE(YEAR(D36), MONTH(D36), 1) -> 45292
A37: =IFERROR(__xludf.DUMMYFUNCTION("""COMPUTED_VALUE"""),7467) -> 7467 | B37: =IFERROR(__xludf.DUMMYFUNCTION("""COMPUTED_VALUE"""),45299.6007175925) -> 45299.601 | C37: =IFERROR(__xludf.DUMMYFUNCTION("""COMPUTED_VALUE"""),"purchase") -> purchase | D37: =INT(B37) -> 45299 | E37: =D37-WEEKDAY(D37,2)+1 -> 45299 | F37: =DATE(YEAR(D37), MONTH(D37), 1) -> 45292
A38: =IFERROR(__xludf.DUMMYFUNCTION("""COMPUTED_VALUE"""),4592) -> 4592 | B38: =IFERROR(__xludf.DUMMYFUNCTION("""COMPUTED_VALUE"""),45299.701412037) -> 45299.701 | C38: =IFERROR(__xludf.DUMMYFUNCTION("""COMPUTED_VALUE"""),"purchase") -> purchase | D38: =INT(B38) -> 45299 | E38: =D38-WEEKDAY(D38,2)+1 -> 45299 | F38: =DATE(YEAR(D38), MONTH(D38), 1) -> 45292
A39: =IFERROR(__xludf.DUMMYFUNCTION("""COMPUTED_VALUE"""),4321) -> 4321 | B39: =IFERROR(__xludf.DUMMYFUNCTION("""COMPUTED_VALUE"""),45299.7915509259) -> 45299.792 | C39: =IFERROR(__xludf.DUMMYFUNCTION("""COMPUTED_VALUE"""),"purchase") -> purchase | D39: =INT(B39) -> 45299 | E39: =D39-WEEKDAY(D39,2)+1 -> 45299 | F39: =DATE(YEAR(D39), MONTH(D39), 1) -> 45292
A40: =IFERROR(__xludf.DUMMYFUNCTION("""COMPUTED_VALUE"""),5186) -> 5186 | B40: =IFERROR(__xludf.DUMMYFUNCTION("""COMPUTED_VALUE"""),45299.8332407406) -> 45299.833 | C40: =IFERROR(__xludf.DUMMYFUNCTION("""COMPUTED_VALUE"""),"purchase") -> purchase | D40: =INT(B40) -> 45299 | E40: =D40-WEEKDAY(D40,2)+1 -> 45299 | F40: =DATE(YEAR(D40), MONTH(D40), 1) -> 45292
A41: =IFERROR(__xludf.DUMMYFUNCTION("""COMPUTED_VALUE"""),2570) -> 2570 | B41: =IFERROR(__xludf.DUMMYFUNCTION("""COMPUTED_VALUE"""),45300.0155208333) -> 45300.016 | C41: =IFERROR(__xludf.DUMMYFUNCTION("""COMPUTED_VALUE"""),"purchase") -> purchase | D41: =INT(B41) -> 45300 | E41: =D41-WEEKDAY(D41,2)+1 -> 45299 | F41: =DATE(YEAR(D41), MONTH(D41), 1) -> 45292
A42: =IFERROR(__xludf.DUMMYFUNCTION("""COMPUTED_VALUE"""),4775) -> 4775 | B42: =IFERROR(__xludf.DUMMYFUNCTION("""COMPUTED_VALUE"""),45300.1534953703) -> 45300.153 | C42: =IFERROR(__xludf.DUMMYFUNCTION("""COMPUTED_VALUE"""),"purchase") -> purchase | D42: =INT(B42) -> 45300 | E42: =D42-WEEKDAY(D42,2)+1 -> 45299 | F42: =DATE(YEAR(D42), MONTH(D42), 1) -> 45292
A43: =IFERROR(__xludf.DUMMYFUNCTION("""COMPUTED_VALUE"""),7990) -> 7990 | B43: =IFERROR(__xludf.DUMMYFUNCTION("""COMPUTED_VALUE"""),45300.2544212962) -> 45300.254 | C43: =IFERROR(__xludf.DUMMYFUNCTION("""COMPUTED_VALUE"""),"purchase") -> purchase | D43: =INT(B43) -> 45300 | E43: =D43-WEEKDAY(D43,2)+1 -> 45299 | F43: =DATE(YEAR(D43), MONTH(D43), 1) -> 45292
A44: =IFERROR(__xludf.DUMMYFUNCTION("""COMPUTED_VALUE"""),6544) -> 6544 | B44: =IFERROR(__xludf.DUMMYFUNCTION("""COMPUTED_VALUE"""),45300.315011574) -> 45300.315 | C44: =IFERROR(__xludf.DUMMYFUNCTION("""COMPUTED_VALUE"""),"purchase") -> purchase | D44: =INT(B44) -> 45300 | E44: =D44-WEEKDAY(D44,2)+1 -> 45299 | F44: =DATE(YEAR(D44), MONTH(D44), 1) -> 45292
A45: =IFERROR(__xludf.DUMMYFUNCTION("""COMPUTED_VALUE"""),1796) -> 1796 | B45: =IFERROR(__xludf.DUMMYFUNCTION("""COMPUTED_VALUE"""),45300.5151967592) -> 45300.515 | C45: =IFERROR(__xludf.DUMMYFUNCTION("""COMPUTED_VALUE"""),"purchase") -> purchase | D45: =INT(B45) -> 45300 | E45: =D45-WEEKDAY(D45,2)+1 -> 45299 | F45: =DATE(YEAR(D45), MONTH(D45), 1) -> 45292
A46: =IFERROR(__xludf.DUMMYFUNCTION("""COMPUTED_VALUE"""),5603) -> 5603 | B46: =IFERROR(__xludf.DUMMYFUNCTION("""COMPUTED_VALUE"""),45301.0676504629) -> 45301.068 | C46: =IFERROR(__xludf.DUMMYFUNCTION("""COMPUTED_VALUE"""),"purchase") -> purchase | D46: =INT(B46) -> 45301 | E46: =D46-WEEKDAY(D46,2)+1 -> 45299 | F46: =DATE(YEAR(D46), MONTH(D46), 1) -> 45292
A47: =IFERROR(__xludf.DUMMYFUNCTION("""COMPUTED_VALUE"""),209) -> 209 | B47: =IFERROR(__xludf.DUMMYFUNCTION("""COMPUTED_VALUE"""),45301.0875925925) -> 45301.088 | C47: =IFERROR(__xludf.DUMMYFUNCTION("""COMPUTED_VALUE"""),"purchase") -> purchase | D47: =INT(B47) -> 45301 | E47: =D47-WEEKDAY(D47,2)+1 -> 45299 | F47: =DATE(YEAR(D47), MONTH(D47), 1) -> 45292
A48: =IFERROR(__xludf.DUMMYFUNCTION("""COMPUTED_VALUE"""),4499) -> 4499 | B48: =IFERROR(__xludf.DUMMYFUNCTION("""COMPUTED_VALUE"""),45301.2604282407) -> 45301.26 | C48: =IFERROR(__xludf.DUMMYFUNCTION("""COMPUTED_VALUE"""),"purchase") -> purchase | D48: =INT(B48) -> 45301 | E48: =D48-WEEKDAY(D48,2)+1 -> 45299 | F48: =DATE(YEAR(D48), MONTH(D48), 1) -> 45292
A49: =IFERROR(__xludf.DUMMYFUNCTION("""COMPUTED_VALUE"""),4598) -> 4598 | B49: =IFERROR(__xludf.DUMMYFUNCTION("""COMPUTED_VALUE"""),45301.3150347222) -> 45301.315 | C49: =IFERROR(__xludf.DUMMYFUNCTION("""COMPUTED_VALUE"""),"purchase") -> purchase | D49: =INT(B49) -> 45301 | E49: =D49-WEEKDAY(D49,2)+1 -> 45299 | F49: =DATE(YEAR(D49), MONTH(D49), 1) -> 45292
A50: =IFERROR(__xludf.DUMMYFUNCTION("""COMPUTED_VALUE"""),5307) -> 5307 | B50: =IFERROR(__xludf.DUMMYFUNCTION("""COMPUTED_VALUE"""),45301.4086574074) -> 45301.409 | C50: =IFERROR(__xludf.DUMMYFUNCTION("""COMPUTED_VALUE"""),"purchase") -> purchase | D50: =INT(B50) -> 45301 | E50: =D50-WEEKDAY(D50,2)+1 -> 45299 | F50: =DATE(YEAR(D50), MONTH(D50), 1) -> 45292
A51: =IFERROR(__xludf.DUMMYFUNCTION("""COMPUTED_VALUE"""),7987) -> 7987 | B51: =IFERROR(__xludf.DUMMYFUNCTION("""COMPUTED_VALUE"""),45301.4632986111) -> 45301.463 | C51: =IFERROR(__xludf.DUMMYFUNCTION("""COMPUTED_VALUE"""),"purchase") -> purchase | D51: =INT(B51) -> 45301 | E51: =D51-WEEKDAY(D51,2)+1 -> 45299 | F51: =DATE(YEAR(D51), MONTH(D51), 1) -> 45292
A52: =IFERROR(__xludf.DUMMYFUNCTION("""COMPUTED_VALUE"""),6315) -> 6315 | B52: =IFERROR(__xludf.DUMMYFUNCTION("""COMPUTED_VALUE"""),45301.4777777777) -> 45301.478 | C52: =IFERROR(__xludf.DUMMYFUNCTION("""COMPUTED_VALUE"""),"purchase") -> purchase | D52: =INT(B52) -> 45301 | E52: =D52-WEEKDAY(D52,2)+1 -> 45299 | F52: =DATE(YEAR(D52), MONTH(D52), 1) -> 45292
A53: =IFERROR(__xludf.DUMMYFUNCTION("""COMPUTED_VALUE"""),4797) -> 4797 | B53: =IFERROR(__xludf.DUMMYFUNCTION("""COMPUTED_VALUE"""),45301.5824884259) -> 45301.582 | C53: =IFERROR(__xludf.DUMMYFUNCTION("""COMPUTED_VALUE"""),"purchase") -> purchase | D53: =INT(B53) -> 45301 | E53: =D53-WEEKDAY(D53,2)+1 -> 45299 | F53: =DATE(YEAR(D53), MONTH(D53), 1) -> 45292
A54: =IFERROR(__xludf.DUMMYFUNCTION("""COMPUTED_VALUE"""),6920) -> 6920 | B54: =IFERROR(__xludf.DUMMYFUNCTION("""COMPUTED_VALUE"""),45301.5904050925) -> 45301.59 | C54: =IFERROR(__xludf.DUMMYFUNCTION("""COMPUTED_VALUE"""),"purchase") -> purchase | D54: =INT(B54) -> 45301 | E54: =D54-WEEKDAY(D54,2)+1 -> 45299 | F54: =DATE(YEAR(D54), MONTH(D54), 1) -> 45292
A55: =IFERROR(__xludf.DUMMYFUNCTION("""COMPUTED_VALUE"""),234) -> 234 | B55: =IFERROR(__xludf.DUMMYFUNCTION("""COMPUTED_VALUE"""),45301.6347685185) -> 45301.635 | C55: =IFERROR(__xludf.DUMMYFUNCTION("""COMPUTED_VALUE"""),"purchase") -> purchase | D55: =INT(B55) -> 45301 | E55: =D55-WEEKDAY(D55,2)+1 -> 45299 | F55: =DATE(YEAR(D55), MONTH(D55), 1) -> 45292
A56: =IFERROR(__xludf.DUMMYFUNCTION("""COMPUTED_VALUE"""),2524) -> 2524 | B56: =IFERROR(__xludf.DUMMYFUNCTION("""COMPUTED_VALUE"""),45301.6604166666) -> 45301.66 | C56: =IFERROR(__xludf.DUMMYFUNCTION("""COMPUTED_VALUE"""),"purchase") -> purchase | D56: =INT(B56) -> 45301 | E56: =D56-WEEKDAY(D56,2)+1 -> 45299 | F56: =DATE(YEAR(D56), MONTH(D56), 1) -> 45292
A57: =IFERROR(__xludf.DUMMYFUNCTION("""COMPUTED_VALUE"""),1967) -> 1967 | B57: =IFERROR(__xludf.DUMMYFUNCTION("""COMPUTED_VALUE"""),45301.6892592592) -> 45301.689 | C57: =IFERROR(__xludf.DUMMYFUNCTION("""COMPUTED_VALUE"""),"purchase") -> purchase | D57: =INT(B57) -> 45301 | E57: =D57-WEEKDAY(D57,2)+1 -> 45299 | F57: =DATE(YEAR(D57), MONTH(D57), 1) -> 45292
A58: =IFERROR(__xludf.DUMMYFUNCTION("""COMPUTED_VALUE"""),577) -> 577 | B58: =IFERROR(__xludf.DUMMYFUNCTION("""COMPUTED_VALUE"""),45301.702511574) -> 45301.703 | C58: =IFERROR(__xludf.DUMMYFUNCTION("""COMPUTED_VALUE"""),"purchase") -> purchase | D58: =INT(B58) -> 45301 | E58: =D58-WEEKDAY(D58,2)+1 -> 45299 | F58: =DATE(YEAR(D58), MONTH(D58), 1) -> 45292
A59: =IFERROR(__xludf.DUMMYFUNCTION("""COMPUTED_VALUE"""),5828) -> 5828 | B59: =IFERROR(__xludf.DUMMYFUNCTION("""COMPUTED_VALUE"""),45301.8114236111) -> 45301.811 | C59: =IFERROR(__xludf.DUMMYFUNCTION("""COMPUTED_VALUE"""),"purchase") -> purchase | D59: =INT(B59) -> 45301 | E59: =D59-WEEKDAY(D59,2)+1 -> 45299 | F59: =DATE(YEAR(D59), MONTH(D59), 1) -> 45292
A60: =IFERROR(__xludf.DUMMYFUNCTION("""COMPUTED_VALUE"""),5156) -> 5156 | B60: =IFERROR(__xludf.DUMMYFUNCTION("""COMPUTED_VALUE"""),45301.8458217591) -> 45301.846 | C60: =IFERROR(__xludf.DUMMYFUNCTION("""COMPUTED_VALUE"""),"purchase") -> purchase | D60: =INT(B60) -> 45301 | E60: =D60-WEEKDAY(D60,2)+1 -> 45299 | F60: =DATE(YEAR(D60), MONTH(D60), 1) -> 45292
A61: =IFERROR(__xludf.DUMMYFUNCTION("""COMPUTED_VALUE"""),1906) -> 1906 | B61: =IFERROR(__xludf.DUMMYFUNCTION("""COMPUTED_VALUE"""),45301.9347800925) -> 45301.935 | C61: =IFERROR(__xludf.DUMMYFUNCTION("""COMPUTED_VALUE"""),"purchase") -> purchase | D61: =INT(B61) -> 45301 | E61: =D61-WEEKDAY(D61,2)+1 -> 45299 | F61: =DATE(YEAR(D61), MONTH(D61), 1) -> 45292
A62: =IFERROR(__xludf.DUMMYFUNCTION("""COMPUTED_VALUE"""),6791) -> 6791 | B62: =IFERROR(__xludf.DUMMYFUNCTION("""COMPUTED_VALUE"""),45302.1716782407) -> 45302.172 | C62: =IFERROR(__xludf.DUMMYFUNCTION("""COMPUTED_VALUE"""),"purchase") -> purchase | D62: =INT(B62) -> 45302 | E62: =D62-WEEKDAY(D62,2)+1 -> 45299 | F62: =DATE(YEAR(D62), MONTH(D62), 1) -> 45292
A63: =IFERROR(__xludf.DUMMYFUNCTION("""COMPUTED_VALUE"""),734) -> 734 | B63: =IFERROR(__xludf.DUMMYFUNCTION("""COMPUTED_VALUE"""),45302.2517939814) -> 45302.252 | C63: =IFERROR(__xludf.DUMMYFUNCTION("""COMPUTED_VALUE"""),"purchase") -> purchase | D63: =INT(B63) -> 45302 | E63: =D63-WEEKDAY(D63,2)+1 -> 45299 | F63: =DATE(YEAR(D63), MONTH(D63), 1) -> 45292
A64: =IFERROR(__xludf.DUMMYFUNCTION("""COMPUTED_VALUE"""),4120) -> 4120 | B64: =IFERROR(__xludf.DUMMYFUNCTION("""COMPUTED_VALUE"""),45302.3455671296) -> 45302.346 | C64: =IFERROR(__xludf.DUMMYFUNCTION("""COMPUTED_VALUE"""),"purchase") -> purchase | D64: =INT(B64) -> 45302 | E64: =D64-WEEKDAY(D64,2)+1 -> 45299 | F64: =DATE(YEAR(D64), MONTH(D64), 1) -> 45292
A65: =IFERROR(__xludf.DUMMYFUNCTION("""COMPUTED_VALUE"""),1587) -> 1587 | B65: =IFERROR(__xludf.DUMMYFUNCTION("""COMPUTED_VALUE"""),45302.3981712963) -> 45302.398 | C65: =IFERROR(__xludf.DUMMYFUNCTION("""COMPUTED_VALUE"""),"purchase") -> purchase | D65: =INT(B65) -> 45302 | E65: =D65-WEEKDAY(D65,2)+1 -> 45299 | F65: =DATE(YEAR(D65), MONTH(D65), 1) -> 45292
A66: =IFERROR(__xludf.DUMMYFUNCTION("""COMPUTED_VALUE"""),1455) -> 1455 | B66: =IFERROR(__xludf.DUMMYFUNCTION("""COMPUTED_VALUE"""),45302.5395833333) -> 45302.54 | C66: =IFERROR(__xludf.DUMMYFUNCTION("""COMPUTED_VALUE"""),"purchase") -> purchase | D66: =INT(B66) -> 45302 | E66: =D66-WEEKDAY(D66,2)+1 -> 45299 | F66: =DATE(YEAR(D66), MONTH(D66), 1) -> 45292
A67: =IFERROR(__xludf.DUMMYFUNCTION("""COMPUTED_VALUE"""),799) -> 799 | B67: =IFERROR(__xludf.DUMMYFUNCTION("""COMPUTED_VALUE"""),45302.63625) -> 45302.636 | C67: =IFERROR(__xludf.DUMMYFUNCTION("""COMPUTED_VALUE"""),"purchase") -> purchase | D67: =INT(B67) -> 45302 | E67: =D67-WEEKDAY(D67,2)+1 -> 45299 | F67: =DATE(YEAR(D67), MONTH(D67), 1) -> 45292
A68: =IFERROR(__xludf.DUMMYFUNCTION("""COMPUTED_VALUE"""),6339) -> 6339 | B68: =IFERROR(__xludf.DUMMYFUNCTION("""COMPUTED_VALUE"""),45302.6420486111) -> 45302.642 | C68: =IFERROR(__xludf.DUMMYFUNCTION("""COMPUTED_VALUE"""),"purchase") -> purchase | D68: =INT(B68) -> 45302 | E68: =D68-WEEKDAY(D68,2)+1 -> 45299 | F68: =DATE(YEAR(D68), MONTH(D68), 1) -> 45292
A69: =IFERROR(__xludf.DUMMYFUNCTION("""COMPUTED_VALUE"""),2150) -> 2150 | B69: =IFERROR(__xludf.DUMMYFUNCTION("""COMPUTED_VALUE"""),45302.687199074) -> 45302.687 | C69: =IFERROR(__xludf.DUMMYFUNCTION("""COMPUTED_VALUE"""),"purchase") -> purchase | D69: =INT(B69) -> 45302 | E69: =D69-WEEKDAY(D69,2)+1 -> 45299 | F69: =DATE(YEAR(D69), MONTH(D69), 1) -> 45292
A70: =IFERROR(__xludf.DUMMYFUNCTION("""COMPUTED_VALUE"""),6799) -> 6799 | B70: =IFERROR(__xludf.DUMMYFUNCTION("""COMPUTED_VALUE"""),45302.7664467592) -> 45302.766 | C70: =IFERROR(__xludf.DUMMYFUNCTION("""COMPUTED_VALUE"""),"purchase") -> purchase | D70: =INT(B70) -> 45302 | E70: =D70-WEEKDAY(D70,2)+1 -> 45299 | F70: =DATE(YEAR(D70), MONTH(D70), 1) -> 45292
A71: =IFERROR(__xludf.DUMMYFUNCTION("""COMPUTED_VALUE"""),4512) -> 4512 | B71: =IFERROR(__xludf.DUMMYFUNCTION("""COMPUTED_VALUE"""),45302.8656134259) -> 45302.866 | C71: =IFERROR(__xludf.DUMMYFUNCTION("""COMPUTED_VALUE"""),"purchase") -> purchase | D71: =INT(B71) -> 45302 | E71: =D71-WEEKDAY(D71,2)+1 -> 45299 | F71: =DATE(YEAR(D71), MONTH(D71), 1) -> 45292
A72: =IFERROR(__xludf.DUMMYFUNCTION("""COMPUTED_VALUE"""),2620) -> 2620 | B72: =IFERROR(__xludf.DUMMYFUNCTION("""COMPUTED_VALUE"""),45302.9535763888) -> 45302.954 | C72: =IFERROR(__xludf.DUMMYFUNCTION("""COMPUTED_VALUE"""),"purchase") -> purchase | D72: =INT(B72) -> 45302 | E72: =D72-WEEKDAY(D72,2)+1 -> 45299 | F72: =DATE(YEAR(D72), MONTH(D72), 1) -> 45292
A73: =IFERROR(__xludf.DUMMYFUNCTION("""COMPUTED_VALUE"""),1058) -> 1058 | B73: =IFERROR(__xludf.DUMMYFUNCTION("""COMPUTED_VALUE"""),45302.9637847222) -> 45302.964 | C73: =IFERROR(__xludf.DUMMYFUNCTION("""COMPUTED_VALUE"""),"purchase") -> purchase | D73: =INT(B73) -> 45302 | E73: =D73-WEEKDAY(D73,2)+1 -> 45299 | F73: =DATE(YEAR(D73), MONTH(D73), 1) -> 45292
A74: =IFERROR(__xludf.DUMMYFUNCTION("""COMPUTED_VALUE"""),5489) -> 5489 | B74: =IFERROR(__xludf.DUMMYFUNCTION("""COMPUTED_VALUE"""),45302.9949884259) -> 45302.995 | C74: =IFERROR(__xludf.DUMMYFUNCTION("""COMPUTED_VALUE"""),"purchase") -> purchase | D74: =INT(B74) -> 45302 | E74: =D74-WEEKDAY(D74,2)+1 -> 45299 | F74: =DATE(YEAR(D74), MONTH(D74), 1) -> 45292
A75: =IFERROR(__xludf.DUMMYFUNCTION("""COMPUTED_VALUE"""),3616) -> 3616 | B75: =IFERROR(__xludf.DUMMYFUNCTION("""COMPUTED_VALUE"""),45303.0039351851) -> 45303.004 | C75: =IFERROR(__xludf.DUMMYFUNCTION("""COMPUTED_VALUE"""),"purchase") -> purchase | D75: =INT(B75) -> 45303 | E75: =D75-WEEKDAY(D75,2)+1 -> 45299 | F75: =DATE(YEAR(D75), MONTH(D75), 1) -> 45292
A76: =IFERROR(__xludf.DUMMYFUNCTION("""COMPUTED_VALUE"""),1128) -> 1128 | B76: =IFERROR(__xludf.DUMMYFUNCTION("""COMPUTED_VALUE"""),45303.0473611111) -> 45303.047 | C76: =IFERROR(__xludf.DUMMYFUNCTION("""COMPUTED_VALUE"""),"purchase") -> purchase | D76: =INT(B76) -> 45303 | E76: =D76-WEEKDAY(D76,2)+1 -> 45299 | F76: =DATE(YEAR(D76), MONTH(D76), 1) -> 45292
A77: =IFERROR(__xludf.DUMMYFUNCTION("""COMPUTED_VALUE"""),5367) -> 5367 | B77: =IFERROR(__xludf.DUMMYFUNCTION("""COMPUTED_VALUE"""),45303.1824305555) -> 45303.182 | C77: =IFERROR(__xludf.DUMMYFUNCTION("""COMPUTED_VALUE"""),"purchase") -> purchase | D77: =INT(B77) -> 45303 | E77: =D77-WEEKDAY(D77,2)+1 -> 45299 | F77: =DATE(YEAR(D77), MONTH(D77), 1) -> 45292
A78: =IFERROR(__xludf.DUMMYFUNCTION("""COMPUTED_VALUE"""),5390) -> 5390 | B78: =IFERROR(__xludf.DUMMYFUNCTION("""COMPUTED_VALUE"""),45303.1885300925) -> 45303.189 | C78: =IFERROR(__xludf.DUMMYFUNCTION("""COMPUTED_VALUE"""),"purchase") -> purchase | D78: =INT(B78) -> 45303 | E78: =D78-WEEKDAY(D78,2)+1 -> 45299 | F78: =DATE(YEAR(D78), MONTH(D78), 1) -> 45292
A79: =IFERROR(__xludf.DUMMYFUNCTION("""COMPUTED_VALUE"""),5633) -> 5633 | B79: =IFERROR(__xludf.DUMMYFUNCTION("""COMPUTED_VALUE"""),45303.2431828703) -> 45303.243 | C79: =IFERROR(__xludf.DUMMYFUNCTION("""COMPUTED_VALUE"""),"purchase") -> purchase | D79: =INT(B79) -> 45303 | E79: =D79-WEEKDAY(D79,2)+1 -> 45299 | F79: =DATE(YEAR(D79), MONTH(D79), 1) -> 45292
A80: =IFERROR(__xludf.DUMMYFUNCTION("""COMPUTED_VALUE"""),4772) -> 4772 | B80: =IFERROR(__xludf.DUMMYFUNCTION("""COMPUTED_VALUE"""),45303.3061342592) -> 45303.306 | C80: =IFERROR(__xludf.DUMMYFUNCTION("""COMPUTED_VALUE"""),"purchase") -> purchase | D80: =INT(B80) -> 45303 | E80: =D80-WEEKDAY(D80,2)+1 -> 45299 | F80: =DATE(YEAR(D80), MONTH(D80), 1) -> 45292
A81: =IFERROR(__xludf.DUMMYFUNCTION("""COMPUTED_VALUE"""),2852) -> 2852 | B81: =IFERROR(__xludf.DUMMYFUNCTION("""COMPUTED_VALUE"""),45303.491099537) -> 45303.491 | C81: =IFERROR(__xludf.DUMMYFUNCTION("""COMPUTED_VALUE"""),"purchase") -> purchase | D81: =INT(B81) -> 45303 | E81: =D81-WEEKDAY(D81,2)+1 -> 45299 | F81: =DATE(YEAR(D81), MONTH(D81), 1) -> 45292
A82: =IFERROR(__xludf.DUMMYFUNCTION("""COMPUTED_VALUE"""),3718) -> 3718 | B82: =IFERROR(__xludf.DUMMYFUNCTION("""COMPUTED_VALUE"""),45303.6278587962) -> 45303.628 | C82: =IFERROR(__xludf.DUMMYFUNCTION("""COMPUTED_VALUE"""),"purchase") -> purchase | D82: =INT(B82) -> 45303 | E82: =D82-WEEKDAY(D82,2)+1 -> 45299 | F82: =DATE(YEAR(D82), MONTH(D82), 1) -> 45292
A83: =IFERROR(__xludf.DUMMYFUNCTION("""COMPUTED_VALUE"""),334) -> 334 | B83: =IFERROR(__xludf.DUMMYFUNCTION("""COMPUTED_VALUE"""),45303.8749652777) -> 45303.875 | C83: =IFERROR(__xludf.DUMMYFUNCTION("""COMPUTED_VALUE"""),"purchase") -> purchase | D83: =INT(B83) -> 45303 | E83: =D83-WEEKDAY(D83,2)+1 -> 45299 | F83: =DATE(YEAR(D83), MONTH(D83), 1) -> 45292
A84: =IFERROR(__xludf.DUMMYFUNCTION("""COMPUTED_VALUE"""),1898) -> 1898 | B84: =IFERROR(__xludf.DUMMYFUNCTION("""COMPUTED_VALUE"""),45303.942199074) -> 45303.942 | C84: =IFERROR(__xludf.DUMMYFUNCTION("""COMPUTED_VALUE"""),"purchase") -> purchase | D84: =INT(B84) -> 45303 | E84: =D84-WEEKDAY(D84,2)+1 -> 45299 | F84: =DATE(YEAR(D84), MONTH(D84), 1) -> 45292
A85: =IFERROR(__xludf.DUMMYFUNCTION("""COMPUTED_VALUE"""),4694) -> 4694 | B85: =IFERROR(__xludf.DUMMYFUNCTION("""COMPUTED_VALUE"""),45303.9546180555) -> 45303.955 | C85: =IFERROR(__xludf.DUMMYFUNCTION("""COMPUTED_VALUE"""),"purchase") -> purchase | D85: =INT(B85) -> 45303 | E85: =D85-WEEKDAY(D85,2)+1 -> 45299 | F85: =DATE(YEAR(D85), MONTH(D85), 1) -> 45292
A86: =IFERROR(__xludf.DUMMYFUNCTION("""COMPUTED_VALUE"""),6790) -> 6790 | B86: =IFERROR(__xludf.DUMMYFUNCTION("""COMPUTED_VALUE"""),45304.1838773148) -> 45304.184 | C86: =IFERROR(__xludf.DUMMYFUNCTION("""COMPUTED_VALUE"""),"purchase") -> purchase | D86: =INT(B86) -> 45304 | E86: =D86-WEEKDAY(D86,2)+1 -> 45299 | F86: =DATE(YEAR(D86), MONTH(D86), 1) -> 45292
A87: =IFERROR(__xludf.DUMMYFUNCTION("""COMPUTED_VALUE"""),1407) -> 1407 | B87: =IFERROR(__xludf.DUMMYFUNCTION("""COMPUTED_VALUE"""),45304.2258101851) -> 45304.226 | C87: =IFERROR(__xludf.DUMMYFUNCTION("""COMPUTED_VALUE"""),"purchase") -> purchase | D87: =INT(B87) -> 45304 | E87: =D87-WEEKDAY(D87,2)+1 -> 45299 | F87: =DATE(YEAR(D87), MONTH(D87), 1) -> 45292
A88: =IFERROR(__xludf.DUMMYFUNCTION("""COMPUTED_VALUE"""),5326) -> 5326 | B88: =IFERROR(__xludf.DUMMYFUNCTION("""COMPUTED_VALUE"""),45304.2506944444) -> 45304.251 | C88: =IFERROR(__xludf.DUMMYFUNCTION("""COMPUTED_VALUE"""),"purchase") -> purchase | D88: =INT(B88) -> 45304 | E88: =D88-WEEKDAY(D88,2)+1 -> 45299 | F88: =DATE(YEAR(D88), MONTH(D88), 1) -> 45292
A89: =IFERROR(__xludf.DUMMYFUNCTION("""COMPUTED_VALUE"""),665) -> 665 | B89: =IFERROR(__xludf.DUMMYFUNCTION("""COMPUTED_VALUE"""),45304.2980208333) -> 45304.298 | C89: =IFERROR(__xludf.DUMMYFUNCTION("""COMPUTED_VALUE"""),"purchase") -> purchase | D89: =INT(B89) -> 45304 | E89: =D89-WEEKDAY(D89,2)+1 -> 45299 | F89: =DATE(YEAR(D89), MONTH(D89), 1) -> 45292
A90: =IFERROR(__xludf.DUMMYFUNCTION("""COMPUTED_VALUE"""),545) -> 545 | B90: =IFERROR(__xludf.DUMMYFUNCTION("""COMPUTED_VALUE"""),45304.3184259259) -> 45304.318 | C90: =IFERROR(__xludf.DUMMYFUNCTION("""COMPUTED_VALUE"""),"purchase") -> purchase | D90: =INT(B90) -> 45304 | E90: =D90-WEEKDAY(D90,2)+1 -> 45299 | F90: =DATE(YEAR(D90), MONTH(D90), 1) -> 45292
A91: =IFERROR(__xludf.DUMMYFUNCTION("""COMPUTED_VALUE"""),2796) -> 2796 | B91: =IFERROR(__xludf.DUMMYFUNCTION("""COMPUTED_VALUE"""),45304.3298611111) -> 45304.33 | C91: =IFERROR(__xludf.DUMMYFUNCTION("""COMPUTED_VALUE"""),"purchase") -> purchase | D91: =INT(B91) -> 45304 | E91: =D91-WEEKDAY(D91,2)+1 -> 45299 | F91: =DATE(YEAR(D91), MONTH(D91), 1) -> 45292
A92: =IFERROR(__xludf.DUMMYFUNCTION("""COMPUTED_VALUE"""),3772) -> 3772 | B92: =IFERROR(__xludf.DUMMYFUNCTION("""COMPUTED_VALUE"""),45304.3590625) -> 45304.359 | C92: =IFERROR(__xludf.DUMMYFUNCTION("""COMPUTED_VALUE"""),"purchase") -> purchase | D92: =INT(B92) -> 45304 | E92: =D92-WEEKDAY(D92,2)+1 -> 45299 | F92: =DATE(YEAR(D92), MONTH(D92), 1) -> 45292
A93: =IFERROR(__xludf.DUMMYFUNCTION("""COMPUTED_VALUE"""),248) -> 248 | B93: =IFERROR(__xludf.DUMMYFUNCTION("""COMPUTED_VALUE"""),45304.5085185185) -> 45304.509 | C93: =IFERROR(__xludf.DUMMYFUNCTION("""COMPUTED_VALUE"""),"purchase") -> purchase | D93: =INT(B93) -> 45304 | E93: =D93-WEEKDAY(D93,2)+1 -> 45299 | F93: =DATE(YEAR(D93), MONTH(D93), 1) -> 45292
A94: =IFERROR(__xludf.DUMMYFUNCTION("""COMPUTED_VALUE"""),3906) -> 3906 | B94: =IFERROR(__xludf.DUMMYFUNCTION("""COMPUTED_VALUE"""),45304.5369560185) -> 45304.537 | C94: =IFERROR(__xludf.DUMMYFUNCTION("""COMPUTED_VALUE"""),"purchase") -> purchase | D94: =INT(B94) -> 45304 | E94: =D94-WEEKDAY(D94,2)+1 -> 45299 | F94: =DATE(YEAR(D94), MONTH(D94), 1) -> 45292
A95: =IFERROR(__xludf.DUMMYFUNCTION("""COMPUTED_VALUE"""),702) -> 702 | B95: =IFERROR(__xludf.DUMMYFUNCTION("""COMPUTED_VALUE"""),45304.5467939814) -> 45304.547 | C95: =IFERROR(__xludf.DUMMYFUNCTION("""COMPUTED_VALUE"""),"purchase") -> purchase | D95: =INT(B95) -> 45304 | E95: =D95-WEEKDAY(D95,2)+1 -> 45299 | F95: =DATE(YEAR(D95), MONTH(D95), 1) -> 45292
A96: =IFERROR(__xludf.DUMMYFUNCTION("""COMPUTED_VALUE"""),394) -> 394 | B96: =IFERROR(__xludf.DUMMYFUNCTION("""COMPUTED_VALUE"""),45304.6596875) -> 45304.66 | C96: =IFERROR(__xludf.DUMMYFUNCTION("""COMPUTED_VALUE"""),"purchase") -> purchase | D96: =INT(B96) -> 45304 | E96: =D96-WEEKDAY(D96,2)+1 -> 45299 | F96: =DATE(YEAR(D96), MONTH(D96), 1) -> 45292
A97: =IFERROR(__xludf.DUMMYFUNCTION("""COMPUTED_VALUE"""),5485) -> 5485 | B97: =IFERROR(__xludf.DUMMYFUNCTION("""COMPUTED_VALUE"""),45304.81375) -> 45304.814 | C97: =IFERROR(__xludf.DUMMYFUNCTION("""COMPUTED_VALUE"""),"purchase") -> purchase | D97: =INT(B97) -> 45304 | E97: =D97-WEEKDAY(D97,2)+1 -> 45299 | F97: =DATE(YEAR(D97), MONTH(D97), 1) -> 45292
A98: =IFERROR(__xludf.DUMMYFUNCTION("""COMPUTED_VALUE"""),707) -> 707 | B98: =IFERROR(__xludf.DUMMYFUNCTION("""COMPUTED_VALUE"""),45304.9665509259) -> 45304.967 | C98: =IFERROR(__xludf.DUMMYFUNCTION("""COMPUTED_VALUE"""),"purchase") -> purchase | D98: =INT(B98) -> 45304 | E98: =D98-WEEKDAY(D98,2)+1 -> 45299 | F98: =DATE(YEAR(D98), MONTH(D98), 1) -> 45292
A99: =IFERROR(__xludf.DUMMYFUNCTION("""COMPUTED_VALUE"""),3165) -> 3165 | B99: =IFERROR(__xludf.DUMMYFUNCTION("""COMPUTED_VALUE"""),45305.0832291666) -> 45305.083 | C99: =IFERROR(__xludf.DUMMYFUNCTION("""COMPUTED_VALUE"""),"purchase") -> purchase | D99: =INT(B99) -> 45305 | E99: =D99-WEEKDAY(D99,2)+1 -> 45299 | F99: =DATE(YEAR(D99), MONTH(D99), 1) -> 45292
A100: =IFERROR(__xludf.DUMMYFUNCTION("""COMPUTED_VALUE"""),4716) -> 4716 | B100: =IFERROR(__xludf.DUMMYFUNCTION("""COMPUTED_VALUE"""),45305.1603356481) -> 45305.16 | C100: =IFERROR(__xludf.DUMMYFUNCTION("""COMPUTED_VALUE"""),"purchase") -> purchase | D100: =INT(B100) -> 45305 | E100: =D100-WEEKDAY(D100,2)+1 -> 45299 | F100: =DATE(YEAR(D100), MONTH(D100), 1) -> 45292
...

Sheet dau
A1: Date | B1: DAU | C1: Month_start
A2: 45293 | B2: =IFERROR(__xludf.DUMMYFUNCTION("COUNTUNIQUEIFS(purchases!$A$2:$A$2001,purchases!D2:D2001,A2)"),1) -> 1 | C2: =VLOOKUP(A2,purchases!$D$2:$F$2001,3,FALSE) -> 45292
A3: 45294 | B3: =IFERROR(__xludf.DUMMYFUNCTION("COUNTUNIQUEIFS(purchases!$A$2:$A$2001,purchases!D3:D2002,A3)"),3) -> 3 | C3: =VLOOKUP(A3,purchases!$D$2:$F$2001,3,FALSE) -> 45292
A4: 45295 | B4: =IFERROR(__xludf.DUMMYFUNCTION("COUNTUNIQUEIFS(purchases!$A$2:$A$2001,purchases!D4:D2003,A4)"),8) -> 8 | C4: =VLOOKUP(A4,purchases!$D$2:$F$2001,3,FALSE) -> 45292
A5: 45296 | B5: =IFERROR(__xludf.DUMMYFUNCTION("COUNTUNIQUEIFS(purchases!$A$2:$A$2001,purchases!D5:D2004,A5)"),8) -> 8 | C5: =VLOOKUP(A5,purchases!$D$2:$F$2001,3,FALSE) -> 45292
A6: 45297 | B6: =IFERROR(__xludf.DUMMYFUNCTION("COUNTUNIQUEIFS(purchases!$A$2:$A$2001,purchases!D6:D2005,A6)"),6) -> 6 | C6: =VLOOKUP(A6,purchases!$D$2:$F$2001,3,FALSE) -> 45292
A7: 45298 | B7: =IFERROR(__xludf.DUMMYFUNCTION("COUNTUNIQUEIFS(purchases!$A$2:$A$2001,purchases!D7:D2006,A7)"),5) -> 5 | C7: =VLOOKUP(A7,purchases!$D$2:$F$2001,3,FALSE) -> 45292
A8: 45299 | B8: =IFERROR(__xludf.DUMMYFUNCTION("COUNTUNIQUEIFS(purchases!$A$2:$A$2001,purchases!D8:D2007,A8)"),8) -> 8 | C8: =VLOOKUP(A8,purchases!$D$2:$F$2001,3,FALSE) -> 45292
A9: 45300 | B9: =IFERROR(__xludf.DUMMYFUNCTION("COUNTUNIQUEIFS(purchases!$A$2:$A$2001,purchases!D9:D2008,A9)"),5) -> 5 | C9: =VLOOKUP(A9,purchases!$D$2:$F$2001,3,FALSE) -> 45292
A10: 45301 | B10: =IFERROR(__xludf.DUMMYFUNCTION("COUNTUNIQUEIFS(purchases!$A$2:$A$2001,purchases!D10:D2009,A10)"),16) -> 16 | C10: =VLOOKUP(A10,purchases!$D$2:$F$2001,3,FALSE) -> 45292
A11: 45302 | B11: =IFERROR(__xludf.DUMMYFUNCTION("COUNTUNIQUEIFS(purchases!$A$2:$A$2001,purchases!D11:D2010,A11)"),13) -> 13 | C11: =VLOOKUP(A11,purchases!$D$2:$F$2001,3,FALSE) -> 45292
A12: 45303 | B12: =IFERROR(__xludf.DUMMYFUNCTION("COUNTUNIQUEIFS(purchases!$A$2:$A$2001,purchases!D12:D2011,A12)"),11) -> 11 | C12: =VLOOKUP(A12,purchases!$D$2:$F$2001,3,FALSE) -> 45292
A13: 45304 | B13: =IFERROR(__xludf.DUMMYFUNCTION("COUNTUNIQUEIFS(purchases!$A$2:$A$2001,purchases!D13:D2012,A13)"),13) -> 13 | C13: =VLOOKUP(A13,purchases!$D$2:$F$2001,3,FALSE) -> 45292
A14: 45305 | B14: =IFERROR(__xludf.DUMMYFUNCTION("COUNTUNIQUEIFS(purchases!$A$2:$A$2001,purchases!D14:D2013,A14)"),9) -> 9 | C14: =VLOOKUP(A14,purchases!$D$2:$F$2001,3,FALSE) -> 45292
A15: 45306 | B15: =IFERROR(__xludf.DUMMYFUNCTION("COUNTUNIQUEIFS(purchases!$A$2:$A$2001,purchases!D15:D2014,A15)"),12) -> 12 | C15: =VLOOKUP(A15,purchases!$D$2:$F$2001,3,FALSE) -> 45292
A16: 45307 | B16: =IFERROR(__xludf.DUMMYFUNCTION("COUNTUNIQUEIFS(purchases!$A$2:$A$2001,purchases!D16:D2015,A16)"),16) -> 16 | C16: =VLOOKUP(A16,purchases!$D$2:$F$2001,3,FALSE) -> 45292
A17: 45308 | B17: =IFERROR(__xludf.DUMMYFUNCTION("COUNTUNIQUEIFS(purchases!$A$2:$A$2001,purchases!D17:D2016,A17)"),15) -> 15 | C17: =VLOOKUP(A17,purchases!$D$2:$F$2001,3,FALSE) -> 45292
A18: 45309 | B18: =IFERROR(__xludf.DUMMYFUNCTION("COUNTUNIQUEIFS(purchases!$A$2:$A$2001,purchases!D18:D2017,A18)"),10) -> 10 | C18: =VLOOKUP(A18,purchases!$D$2:$F$2001,3,FALSE) -> 45292
A19: 45310 | B19: =IFERROR(__xludf.DUMMYFUNCTION("COUNTUNIQUEIFS(purchases!$A$2:$A$2001,purchases!D19:D2018,A19)"),12) -> 12 | C19: =VLOOKUP(A19,purchases!$D$2:$F$2001,3,FALSE) -> 45292
A20: 45311 | B20: =IFERROR(__xludf.DUMMYFUNCTION("COUNTUNIQUEIFS(purchases!$A$2:$A$2001,purchases!D20:D2019,A20)"),13) -> 13 | C20: =VLOOKUP(A20,purchases!$D$2:$F$2001,3,FALSE) -> 45292
A21: 45312 | B21: =IFERROR(__xludf.DUMMYFUNCTION("COUNTUNIQUEIFS(purchases!$A$2:$A$2001,purchases!D21:D2020,A21)"),6) -> 6 | C21: =VLOOKUP(A21,purchases!$D$2:$F$2001,3,FALSE) -> 45292
A22: 45313 | B22: =IFERROR(__xludf.DUMMYFUNCTION("COUNTUNIQUEIFS(purchases!$A$2:$A$2001,purchases!D22:D2021,A22)"),13) -> 13 | C22: =VLOOKUP(A22,purchases!$D$2:$F$2001,3,FALSE) -> 45292
A23: 45314 | B23: =IFERROR(__xludf.DUMMYFUNCTION("COUNTUNIQUEIFS(purchases!$A$2:$A$2001,purchases!D23:D2022,A23)"),8) -> 8 | C23: =VLOOKUP(A23,purchases!$D$2:$F$2001,3,FALSE) -> 45292
A24: 45315 | B24: =IFERROR(__xludf.DUMMYFUNCTION("COUNTUNIQUEIFS(purchases!$A$2:$A$2001,purchases!D24:D2023,A24)"),12) -> 12 | C24: =VLOOKUP(A24,purchases!$D$2:$F$2001,3,FALSE) -> 45292
A25: 45316 | B25: =IFERROR(__xludf.DUMMYFUNCTION("COUNTUNIQUEIFS(purchases!$A$2:$A$2001,purchases!D25:D2024,A25)"),12) -> 12 | C25: =VLOOKUP(A25,purchases!$D$2:$F$2001,3,FALSE) -> 45292
A26: 45317 | B26: =IFERROR(__xludf.DUMMYFUNCTION("COUNTUNIQUEIFS(purchases!$A$2:$A$2001,purchases!D26:D2025,A26)"),14) -> 14 | C26: =VLOOKUP(A26,purchases!$D$2:$F$2001,3,FALSE) -> 45292
A27: 45318 | B27: =IFERROR(__xludf.DUMMYFUNCTION("COUNTUNIQUEIFS(purchases!$A$2:$A$2001,purchases!D27:D2026,A27)"),10) -> 10 | C27: =VLOOKUP(A27,purchases!$D$2:$F$2001,3,FALSE) -> 45292
A28: 45319 | B28: =IFERROR(__xludf.DUMMYFUNCTION("COUNTUNIQUEIFS(purchases!$A$2:$A$2001,purchases!D28:D2027,A28)"),4) -> 4 | C28: =VLOOKUP(A28,purchases!$D$2:$F$2001,3,FALSE) -> 45292
A29: 45320 | B29: =IFERROR(__xludf.DUMMYFUNCTION("COUNTUNIQUEIFS(purchases!$A$2:$A$2001,purchases!D29:D2028,A29)"),21) -> 21 | C29: =VLOOKUP(A29,purchases!$D$2:$F$2001,3,FALSE) -> 45292
A30: 45321 | B30: =IFERROR(__xludf.DUMMYFUNCTION("COUNTUNIQUEIFS(purchases!$A$2:$A$2001,purchases!D30:D2029,A30)"),7) -> 7 | C30: =VLOOKUP(A30,purchases!$D$2:$F$2001,3,FALSE) -> 45292
A31: 45322 | B31: =IFERROR(__xludf.DUMMYFUNCTION("COUNTUNIQUEIFS(purchases!$A$2:$A$2001,purchases!D31:D2030,A31)"),4) -> 4 | C31: =VLOOKUP(A31,purchases!$D$2:$F$2001,3,FALSE) -> 45292
A32: 45323 | B32: =IFERROR(__xludf.DUMMYFUNCTION("COUNTUNIQUEIFS(purchases!$A$2:$A$2001,purchases!D32:D2031,A32)"),11) -> 11 | C32: =VLOOKUP(A32,purchases!$D$2:$F$2001,3,FALSE) -> 45323
A33: 45324 | B33: =IFERROR(__xludf.DUMMYFUNCTION("COUNTUNIQUEIFS(purchases!$A$2:$A$2001,purchases!D33:D2032,A33)"),11) -> 11 | C33: =VLOOKUP(A33,purchases!$D$2:$F$2001,3,FALSE) -> 45323
A34: 45325 | B34: =IFERROR(__xludf.DUMMYFUNCTION("COUNTUNIQUEIFS(purchases!$A$2:$A$2001,purchases!D34:D2033,A34)"),12) -> 12 | C34: =VLOOKUP(A34,purchases!$D$2:$F$2001,3,FALSE) -> 45323
A35: 45326 | B35: =IFERROR(__xludf.DUMMYFUNCTION("COUNTUNIQUEIFS(purchases!$A$2:$A$2001,purchases!D35:D2034,A35)"),13) -> 13 | C35: =VLOOKUP(A35,purchases!$D$2:$F$2001,3,FALSE) -> 45323
A36: 45327 | B36: =IFERROR(__xludf.DUMMYFUNCTION("COUNTUNIQUEIFS(purchases!$A$2:$A$2001,purchases!D36:D2035,A36)"),14) -> 14 | C36: =VLOOKUP(A36,purchases!$D$2:$F$2001,3,FALSE) -> 45323
A37: 45328 | B37: =IFERROR(__xludf.DUMMYFUNCTION("COUNTUNIQUEIFS(purchases!$A$2:$A$2001,purchases!D37:D2036,A37)"),10) -> 10 | C37: =VLOOKUP(A37,purchases!$D$2:$F$2001,3,FALSE) -> 45323
A38: 45329 | B38: =IFERROR(__xludf.DUMMYFUNCTION("COUNTUNIQUEIFS(purchases!$A$2:$A$2001,purchases!D38:D2037,A38)"),19) -> 19 | C38: =VLOOKUP(A38,purchases!$D$2:$F$2001,3,FALSE) -> 45323
A39: 45330 | B39: =IFERROR(__xludf.DUMMYFUNCTION("COUNTUNIQUEIFS(purchases!$A$2:$A$2001,purchases!D39:D2038,A39)"),7) -> 7 | C39: =VLOOKUP(A39,purchases!$D$2:$F$2001,3,FALSE) -> 45323
A40: 45331 | B40: =IFERROR(__xludf.DUMMYFUNCTION("COUNTUNIQUEIFS(purchases!$A$2:$A$2001,purchases!D40:D2039,A40)"),9) -> 9 | C40: =VLOOKUP(A40,purchases!$D$2:$F$2001,3,FALSE) -> 45323
A41: 45332 | B41: =IFERROR(__xludf.DUMMYFUNCTION("COUNTUNIQUEIFS(purchases!$A$2:$A$2001,purchases!D41:D2040,A41)"),16) -> 16 | C41: =VLOOKUP(A41,purchases!$D$2:$F$2001,3,FALSE) -> 45323
A42: 45333 | B42: =IFERROR(__xludf.DUMMYFUNCTION("COUNTUNIQUEIFS(purchases!$A$2:$A$2001,purchases!D42:D2041,A42)"),7) -> 7 | C42: =VLOOKUP(A42,purchases!$D$2:$F$2001,3,FALSE) -> 45323
A43: 45334 | B43: =IFERROR(__xludf.DUMMYFUNCTION("COUNTUNIQUEIFS(purchases!$A$2:$A$2001,purchases!D43:D2042,A43)"),10) -> 10 | C43: =VLOOKUP(A43,purchases!$D$2:$F$2001,3,FALSE) -> 45323
A44: 45335 | B44: =IFERROR(__xludf.DUMMYFUNCTION("COUNTUNIQUEIFS(purchases!$A$2:$A$2001,purchases!D44:D2043,A44)"),14) -> 14 | C44: =VLOOKUP(A44,purchases!$D$2:$F$2001,3,FALSE) -> 45323
A45: 45336 | B45: =IFERROR(__xludf.DUMMYFUNCTION("COUNTUNIQUEIFS(purchases!$A$2:$A$2001,purchases!D45:D2044,A45)"),13) -> 13 | C45: =VLOOKUP(A45,purchases!$D$2:$F$2001,3,FALSE) -> 45323
A46: 45337 | B46: =IFERROR(__xludf.DUMMYFUNCTION("COUNTUNIQUEIFS(purchases!$A$2:$A$2001,purchases!D46:D2045,A46)"),14) -> 14 | C46: =VLOOKUP(A46,purchases!$D$2:$F$2001,3,FALSE) -> 45323
A47: 45338 | B47: =IFERROR(__xludf.DUMMYFUNCTION("COUNTUNIQUEIFS(purchases!$A$2:$A$2001,purchases!D47:D2046,A47)"),8) -> 8 | C47: =VLOOKUP(A47,purchases!$D$2:$F$2001,3,FALSE) -> 45323
A48: 45339 | B48: =IFERROR(__xludf.DUMMYFUNCTION("COUNTUNIQUEIFS(purchases!$A$2:$A$2001,purchases!D48:D2047,A48)"),9) -> 9 | C48: =VLOOKUP(A48,purchases!$D$2:$F$2001,3,FALSE) -> 45323
A49: 45340 | B49: =IFERROR(__xludf.DUMMYFUNCTION("COUNTUNIQUEIFS(purchases!$A$2:$A$2001,purchases!D49:D2048,A49)"),4) -> 4 | C49: =VLOOKUP(A49,purchases!$D$2:$F$2001,3,FALSE) -> 45323
A50: 45341 | B50: =IFERROR(__xludf.DUMMYFUNCTION("COUNTUNIQUEIFS(purchases!$A$2:$A$2001,purchases!D50:D2049,A50)"),13) -> 13 | C50: =VLOOKUP(A50,purchases!$D$2:$F$2001,3,FALSE) -> 45323
A51: 45342 | B51: =IFERROR(__xludf.DUMMYFUNCTION("COUNTUNIQUEIFS(purchases!$A$2:$A$2001,purchases!D51:D2050,A51)"),11) -> 11 | C51: =VLOOKUP(A51,purchases!$D$2:$F$2001,3,FALSE) -> 45323
A52: 45343 | B52: =IFERROR(__xludf.DUMMYFUNCTION("COUNTUNIQUEIFS(purchases!$A$2:$A$2001,purchases!D52:D2051,A52)"),9) -> 9 | C52: =VLOOKUP(A52,purchases!$D$2:$F$2001,3,FALSE) -> 45323
A53: 45344 | B53: =IFERROR(__xludf.DUMMYFUNCTION("COUNTUNIQUEIFS(purchases!$A$2:$A$2001,purchases!D53:D2052,A53)"),14) -> 14 | C53: =VLOOKUP(A53,purchases!$D$2:$F$2001,3,FALSE) -> 45323
A54: 45345 | B54: =IFERROR(__xludf.DUMMYFUNCTION("COUNTUNIQUEIFS(purchases!$A$2:$A$2001,purchases!D54:D2053,A54)"),11) -> 11 | C54: =VLOOKUP(A54,purchases!$D$2:$F$2001,3,FALSE) -> 45323
A55: 45346 | B55: =IFERROR(__xludf.DUMMYFUNCTION("COUNTUNIQUEIFS(purchases!$A$2:$A$2001,purchases!D55:D2054,A55)"),8) -> 8 | C55: =VLOOKUP(A55,purchases!$D$2:$F$2001,3,FALSE) -> 45323
A56: 45347 | B56: =IFERROR(__xludf.DUMMYFUNCTION("COUNTUNIQUEIFS(purchases!$A$2:$A$2001,purchases!D56:D2055,A56)"),6) -> 6 | C56: =VLOOKUP(A56,purchases!$D$2:$F$2001,3,FALSE) -> 45323
A57: 45348 | B57: =IFERROR(__xludf.DUMMYFUNCTION("COUNTUNIQUEIFS(purchases!$A$2:$A$2001,purchases!D57:D2056,A57)"),15) -> 15 | C57: =VLOOKUP(A57,purchases!$D$2:$F$2001,3,FALSE) -> 45323
A58: 45349 | B58: =IFERROR(__xludf.DUMMYFUNCTION("COUNTUNIQUEIFS(purchases!$A$2:$A$2001,purchases!D58:D2057,A58)"),13) -> 13 | C58: =VLOOKUP(A58,purchases!$D$2:$F$2001,3,FALSE) -> 45323
A59: 45350 | B59: =IFERROR(__xludf.DUMMYFUNCTION("COUNTUNIQUEIFS(purchases!$A$2:$A$2001,purchases!D59:D2058,A59)"),5) -> 5 | C59: =VLOOKUP(A59,purchases!$D$2:$F$2001,3,FALSE) -> 45323
A60: 45351 | B60: =IFERROR(__xludf.DUMMYFUNCTION("COUNTUNIQUEIFS(purchases!$A$2:$A$2001,purchases!D60:D2059,A60)"),13) -> 13 | C60: =VLOOKUP(A60,purchases!$D$2:$F$2001,3,FALSE) -> 45323
A61: 45352 | B61: =IFERROR(__xludf.DUMMYFUNCTION("COUNTUNIQUEIFS(purchases!$A$2:$A$2001,purchases!D61:D2060,A61)"),14) -> 14 | C61: =VLOOKUP(A61,purchases!$D$2:$F$2001,3,FALSE) -> 45352
A62: 45353 | B62: =IFERROR(__xludf.DUMMYFUNCTION("COUNTUNIQUEIFS(purchases!$A$2:$A$2001,purchases!D62:D2061,A62)"),8) -> 8 | C62: =VLOOKUP(A62,purchases!$D$2:$F$2001,3,FALSE) -> 45352
A63: 45354 | B63: =IFERROR(__xludf.DUMMYFUNCTION("COUNTUNIQUEIFS(purchases!$A$2:$A$2001,purchases!D63:D2062,A63)"),9) -> 9 | C63: =VLOOKUP(A63,purchases!$D$2:$F$2001,3,FALSE) -> 45352
A64: 45355 | B64: =IFERROR(__xludf.DUMMYFUNCTION("COUNTUNIQUEIFS(purchases!$A$2:$A$2001,purchases!D64:D2063,A64)"),9) -> 9 | C64: =VLOOKUP(A64,purchases!$D$2:$F$2001,3,FALSE) -> 45352
A65: 45356 | B65: =IFERROR(__xludf.DUMMYFUNCTION("COUNTUNIQUEIFS(purchases!$A$2:$A$2001,purchases!D65:D2064,A65)"),7) -> 7 | C65: =VLOOKUP(A65,purchases!$D$2:$F$2001,3,FALSE) -> 45352
A66: 45357 | B66: =IFERROR(__xludf.DUMMYFUNCTION("COUNTUNIQUEIFS(purchases!$A$2:$A$2001,purchases!D66:D2065,A66)"),13) -> 13 | C66: =VLOOKUP(A66,purchases!$D$2:$F$2001,3,FALSE) -> 45352
A67: 45358 | B67: =IFERROR(__xludf.DUMMYFUNCTION("COUNTUNIQUEIFS(purchases!$A$2:$A$2001,purchases!D67:D2066,A67)"),7) -> 7 | C67: =VLOOKUP(A67,purchases!$D$2:$F$2001,3,FALSE) -> 45352
A68: 45359 | B68: =IFERROR(__xludf.DUMMYFUNCTION("COUNTUNIQUEIFS(purchases!$A$2:$A$2001,purchases!D68:D2067,A68)"),14) -> 14 | C68: =VLOOKUP(A68,purchases!$D$2:$F$2001,3,FALSE) -> 45352
A69: 45360 | B69: =IFERROR(__xludf.DUMMYFUNCTION("COUNTUNIQUEIFS(purchases!$A$2:$A$2001,purchases!D69:D2068,A69)"),12) -> 12 | C69: =VLOOKUP(A69,purchases!$D$2:$F$2001,3,FALSE) -> 45352
A70: 45361 | B70: =IFERROR(__xludf.DUMMYFUNCTION("COUNTUNIQUEIFS(purchases!$A$2:$A$2001,purchases!D70:D2069,A70)"),18) -> 18 | C70: =VLOOKUP(A70,purchases!$D$2:$F$2001,3,FALSE) -> 45352
A71: 45362 | B71: =IFERROR(__xludf.DUMMYFUNCTION("COUNTUNIQUEIFS(purchases!$A$2:$A$2001,purchases!D71:D2070,A71)"),12) -> 12 | C71: =VLOOKUP(A71,purchases!$D$2:$F$2001,3,FALSE) -> 45352
A72: 45363 | B72: =IFERROR(__xludf.DUMMYFUNCTION("COUNTUNIQUEIFS(purchases!$A$2:$A$2001,purchases!D72:D2071,A72)"),7) -> 7 | C72: =VLOOKUP(A72,purchases!$D$2:$F$2001,3,FALSE) -> 45352
A73: 45364 | B73: =IFERROR(__xludf.DUMMYFUNCTION("COUNTUNIQUEIFS(purchases!$A$2:$A$2001,purchases!D73:D2072,A73)"),16) -> 16 | C73: =VLOOKUP(A73,purchases!$D$2:$F$2001,3,FALSE) -> 45352
A74: 45365 | B74: =IFERROR(__xludf.DUMMYFUNCTION("COUNTUNIQUEIFS(purchases!$A$2:$A$2001,purchases!D74:D2073,A74)"),17) -> 17 | C74: =VLOOKUP(A74,purchases!$D$2:$F$2001,3,FALSE) -> 45352
A75: 45366 | B75: =IFERROR(__xludf.DUMMYFUNCTION("COUNTUNIQUEIFS(purchases!$A$2:$A$2001,purchases!D75:D2074,A75)"),10) -> 10 | C75: =VLOOKUP(A75,purchases!$D$2:$F$2001,3,FALSE) -> 45352
A76: 45367 | B76: =IFERROR(__xludf.DUMMYFUNCTION("COUNTUNIQUEIFS(purchases!$A$2:$A$2001,purchases!D76:D2075,A76)"),9) -> 9 | C76: =VLOOKUP(A76,purchases!$D$2:$F$2001,3,FALSE) -> 45352
A77: 45368 | B77: =IFERROR(__xludf.DUMMYFUNCTION("COUNTUNIQUEIFS(purchases!$A$2:$A$2001,purchases!D77:D2076,A77)"),11) -> 11 | C77: =VLOOKUP(A77,purchases!$D$2:$F$2001,3,FALSE) -> 45352
A78: 45369 | B78: =IFERROR(__xludf.DUMMYFUNCTION("COUNTUNIQUEIFS(purchases!$A$2:$A$2001,purchases!D78:D2077,A78)"),11) -> 11 | C78: =VLOOKUP(A78,purchases!$D$2:$F$2001,3,FALSE) -> 45352
A79: 45370 | B79: =IFERROR(__xludf.DUMMYFUNCTION("COUNTUNIQUEIFS(purchases!$A$2:$A$2001,purchases!D79:D2078,A79)"),11) -> 11 | C79: =VLOOKUP(A79,purchases!$D$2:$F$2001,3,FALSE) -> 45352
A80: 45371 | B80: =IFERROR(__xludf.DUMMYFUNCTION("COUNTUNIQUEIFS(purchases!$A$2:$A$2001,purchases!D80:D2079,A80)"),9) -> 9 | C80: =VLOOKUP(A80,purchases!$D$2:$F$2001,3,FALSE) -> 45352
A81: 45372 | B81: =IFERROR(__xludf.DUMMYFUNCTION("COUNTUNIQUEIFS(purchases!$A$2:$A$2001,purchases!D81:D2080,A81)"),14) -> 14 | C81: =VLOOKUP(A81,purchases!$D$2:$F$2001,3,FALSE) -> 45352
A82: 45373 | B82: =IFERROR(__xludf.DUMMYFUNCTION("COUNTUNIQUEIFS(purchases!$A$2:$A$2001,purchases!D82:D2081,A82)"),14) -> 14 | C82: =VLOOKUP(A82,purchases!$D$2:$F$2001,3,FALSE) -> 45352
A83: 45374 | B83: =IFERROR(__xludf.DUMMYFUNCTION("COUNTUNIQUEIFS(purchases!$A$2:$A$2001,purchases!D83:D2082,A83)"),23) -> 23 | C83: =VLOOKUP(A83,purchases!$D$2:$F$2001,3,FALSE) -> 45352
A84: 45375 | B84: =IFERROR(__xludf.DUMMYFUNCTION("COUNTUNIQUEIFS(purchases!$A$2:$A$2001,purchases!D84:D2083,A84)"),12) -> 12 | C84: =VLOOKUP(A84,purchases!$D$2:$F$2001,3,FALSE) -> 45352
A85: 45376 | B85: =IFERROR(__xludf.DUMMYFUNCTION("COUNTUNIQUEIFS(purchases!$A$2:$A$2001,purchases!D85:D2084,A85)"),9) -> 9 | C85: =VLOOKUP(A85,purchases!$D$2:$F$2001,3,FALSE) -> 45352
A86: 45377 | B86: =IFERROR(__xludf.DUMMYFUNCTION("COUNTUNIQUEIFS(purchases!$A$2:$A$2001,purchases!D86:D2085,A86)"),15) -> 15 | C86: =VLOOKUP(A86,purchases!$D$2:$F$2001,3,FALSE) -> 45352
A87: 45378 | B87: =IFERROR(__xludf.DUMMYFUNCTION("COUNTUNIQUEIFS(purchases!$A$2:$A$2001,purchases!D87:D2086,A87)"),10) -> 10 | C87: =VLOOKUP(A87,purchases!$D$2:$F$2001,3,FALSE) -> 45352
A88: 45379 | B88: =IFERROR(__xludf.DUMMYFUNCTION("COUNTUNIQUEIFS(purchases!$A$2:$A$2001,purchases!D88:D2087,A88)"),17) -> 17 | C88: =VLOOKUP(A88,purchases!$D$2:$F$2001,3,FALSE) -> 45352
A89: 45380 | B89: =IFERROR(__xludf.DUMMYFUNCTION("COUNTUNIQUEIFS(purchases!$A$2:$A$2001,purchases!D89:D2088,A89)"),14) -> 14 | C89: =VLOOKUP(A89,purchases!$D$2:$F$2001,3,FALSE) -> 45352
A90: 45381 | B90: =IFERROR(__xludf.DUMMYFUNCTION("COUNTUNIQUEIFS(purchases!$A$2:$A$2001,purchases!D90:D2089,A90)"),10) -> 10 | C90: =VLOOKUP(A90,purchases!$D$2:$F$2001,3,FALSE) -> 45352
A91: 45382 | B91: =IFERROR(__xludf.DUMMYFUNCTION("COUNTUNIQUEIFS(purchases!$A$2:$A$2001,purchases!D91:D2090,A91)"),15) -> 15 | C91: =VLOOKUP(A91,purchases!$D$2:$F$2001,3,FALSE) -> 45352
A92: 45383 | B92: =IFERROR(__xludf.DUMMYFUNCTION("COUNTUNIQUEIFS(purchases!$A$2:$A$2001,purchases!D92:D2091,A92)"),13) -> 13 | C92: =VLOOKUP(A92,purchases!$D$2:$F$2001,3,FALSE) -> 45383
A93: 45384 | B93: =IFERROR(__xludf.DUMMYFUNCTION("COUNTUNIQUEIFS(purchases!$A$2:$A$2001,purchases!D93:D2092,A93)"),7) -> 7 | C93: =VLOOKUP(A93,purchases!$D$2:$F$2001,3,FALSE) -> 45383
A94: 45385 | B94: =IFERROR(__xludf.DUMMYFUNCTION("COUNTUNIQUEIFS(purchases!$A$2:$A$2001,purchases!D94:D2093,A94)"),10) -> 10 | C94: =VLOOKUP(A94,purchases!$D$2:$F$2001,3,FALSE) -> 45383
A95: 45386 | B95: =IFERROR(__xludf.DUMMYFUNCTION("COUNTUNIQUEIFS(purchases!$A$2:$A$2001,purchases!D95:D2094,A95)"),14) -> 14 | C95: =VLOOKUP(A95,purchases!$D$2:$F$2001,3,FALSE) -> 45383
A96: 45387 | B96: =IFERROR(__xludf.DUMMYFUNCTION("COUNTUNIQUEIFS(purchases!$A$2:$A$2001,purchases!D96:D2095,A96)"),8) -> 8 | C96: =VLOOKUP(A96,purchases!$D$2:$F$2001,3,FALSE) -> 45383
A97: 45388 | B97: =IFERROR(__xludf.DUMMYFUNCTION("COUNTUNIQUEIFS(purchases!$A$2:$A$2001,purchases!D97:D2096,A97)"),10) -> 10 | C97: =VLOOKUP(A97,purchases!$D$2:$F$2001,3,FALSE) -> 45383
A98: 45389 | B98: =IFERROR(__xludf.DUMMYFUNCTION("COUNTUNIQUEIFS(purchases!$A$2:$A$2001,purchases!D98:D2097,A98)"),9) -> 9 | C98: =VLOOKUP(A98,purchases!$D$2:$F$2001,3,FALSE) -> 45383
A99: 45390 | B99: =IFERROR(__xludf.DUMMYFUNCTION("COUNTUNIQUEIFS(purchases!$A$2:$A$2001,purchases!D99:D2098,A99)"),6) -> 6 | C99: =VLOOKUP(A99,purchases!$D$2:$F$2001,3,FALSE) -> 45383
A100: 45391 | B100: =IFERROR(__xludf.DUMMYFUNCTION("COUNTUNIQUEIFS(purchases!$A$2:$A$2001,purchases!D100:D2099,A100)"),9) -> 9 | C100: =VLOOKUP(A100,purchases!$D$2:$F$2001,3,FALSE) -> 45383
...

Sheet wau
A1: Week | B1: WAU | C1: Month_start
A2: 45292 | B2: =IFERROR(__xludf.DUMMYFUNCTION("COUNTUNIQUEIFS(purchases!$A$2:$A$2001,purchases!$E$2:$E$2001,A2)"),31) -> 31 | C2: 45292
A3: 45299 | B3: =IFERROR(__xludf.DUMMYFUNCTION("COUNTUNIQUEIFS(purchases!$A$2:$A$2001,purchases!$E$2:$E$2001,A3)"),75) -> 75 | C3: 45292
A4: 45306 | B4: =IFERROR(__xludf.DUMMYFUNCTION("COUNTUNIQUEIFS(purchases!$A$2:$A$2001,purchases!$E$2:$E$2001,A4)"),84) -> 84 | C4: 45292
A5: 45313 | B5: =IFERROR(__xludf.DUMMYFUNCTION("COUNTUNIQUEIFS(purchases!$A$2:$A$2001,purchases!$E$2:$E$2001,A5)"),73) -> 73 | C5: 45292
A6: 45320 | B6: =IFERROR(__xludf.DUMMYFUNCTION("COUNTUNIQUEIFS(purchases!$A$2:$A$2001,purchases!$E$2:$E$2001,A6)"),79) -> 79 | C6: 45292
A7: 45327 | B7: =IFERROR(__xludf.DUMMYFUNCTION("COUNTUNIQUEIFS(purchases!$A$2:$A$2001,purchases!$E$2:$E$2001,A7)"),82) -> 82 | C7: 45323
A8: 45334 | B8: =IFERROR(__xludf.DUMMYFUNCTION("COUNTUNIQUEIFS(purchases!$A$2:$A$2001,purchases!$E$2:$E$2001,A8)"),72) -> 72 | C8: 45323
A9: 45341 | B9: =IFERROR(__xludf.DUMMYFUNCTION("COUNTUNIQUEIFS(purchases!$A$2:$A$2001,purchases!$E$2:$E$2001,A9)"),72) -> 72 | C9: 45323
A10: 45348 | B10: =IFERROR(__xludf.DUMMYFUNCTION("COUNTUNIQUEIFS(purchases!$A$2:$A$2001,purchases!$E$2:$E$2001,A10)"),77) -> 77 | C10: 45323
A11: 45355 | B11: =IFERROR(__xludf.DUMMYFUNCTION("COUNTUNIQUEIFS(purchases!$A$2:$A$2001,purchases!$E$2:$E$2001,A11)"),80) -> 80 | C11: 45352
A12: 45362 | B12: =IFERROR(__xludf.DUMMYFUNCTION("COUNTUNIQUEIFS(purchases!$A$2:$A$2001,purchases!$E$2:$E$2001,A12)"),82) -> 82 | C12: 45352
A13: 45369 | B13: =IFERROR(__xludf.DUMMYFUNCTION("COUNTUNIQUEIFS(purchases!$A$2:$A$2001,purchases!$E$2:$E$2001,A13)"),94) -> 94 | C13: 45352
A14: 45376 | B14: =IFERROR(__xludf.DUMMYFUNCTION("COUNTUNIQUEIFS(purchases!$A$2:$A$2001,purchases!$E$2:$E$2001,A14)"),90) -> 90 | C14: 45352
A15: 45383 | B15: =IFERROR(__xludf.DUMMYFUNCTION("COUNTUNIQUEIFS(purchases!$A$2:$A$2001,purchases!$E$2:$E$2001,A15)"),71) -> 71 | C15: 45383
A16: 45390 | B16: =IFERROR(__xludf.DUMMYFUNCTION("COUNTUNIQUEIFS(purchases!$A$2:$A$2001,purchases!$E$2:$E$2001,A16)"),72) -> 72 | C16: 45383
A17: 45397 | B17: =IFERROR(__xludf.DUMMYFUNCTION("COUNTUNIQUEIFS(purchases!$A$2:$A$2001,purchases!$E$2:$E$2001,A17)"),81) -> 81 | C17: 45383
A18: 45404 | B18: =IFERROR(__xludf.DUMMYFUNCTION("COUNTUNIQUEIFS(purchases!$A$2:$A$2001,purchases!$E$2:$E$2001,A18)"),74) -> 74 | C18: 45383
A19: 45411 | B19: =IFERROR(__xludf.DUMMYFUNCTION("COUNTUNIQUEIFS(purchases!$A$2:$A$2001,purchases!$E$2:$E$2001,A19)"),68) -> 68 | C19: 45383
A20: 45418 | B20: =IFERROR(__xludf.DUMMYFUNCTION("COUNTUNIQUEIFS(purchases!$A$2:$A$2001,purchases!$E$2:$E$2001,A20)"),69) -> 69 | C20: 45413
A21: 45425 | B21: =IFERROR(__xludf.DUMMYFUNCTION("COUNTUNIQUEIFS(purchases!$A$2:$A$2001,purchases!$E$2:$E$2001,A21)"),74) -> 74 | C21: 45413
A22: 45432 | B22: =IFERROR(__xludf.DUMMYFUNCTION("COUNTUNIQUEIFS(purchases!$A$2:$A$2001,purchases!$E$2:$E$2001,A22)"),76) -> 76 | C22: 45413
A23: 45439 | B23: =IFERROR(__xludf.DUMMYFUNCTION("COUNTUNIQUEIFS(purchases!$A$2:$A$2001,purchases!$E$2:$E$2001,A23)"),70) -> 70 | C23: 45413
A24: 45446 | B24: =IFERROR(__xludf.DUMMYFUNCTION("COUNTUNIQUEIFS(purchases!$A$2:$A$2001,purchases!$E$2:$E$2001,A24)"),71) -> 71 | C24: 45444
A25: 45453 | B25: =IFERROR(__xludf.DUMMYFUNCTION("COUNTUNIQUEIFS(purchases!$A$2:$A$2001,purchases!$E$2:$E$2001,A25)"),79) -> 79 | C25: 45444
A26: 45460 | B26: =IFERROR(__xludf.DUMMYFUNCTION("COUNTUNIQUEIFS(purchases!$A$2:$A$2001,purchases!$E$2:$E$2001,A26)"),63) -> 63 | C26: 45444
A27: 45467 | B27: =IFERROR(__xludf.DUMMYFUNCTION("COUNTUNIQUEIFS(purchases!$A$2:$A$2001,purchases!$E$2:$E$2001,A27)"),71) -> 71 | C27: 45444
A28: 45474 | B28: =IFERROR(__xludf.DUMMYFUNCTION("COUNTUNIQUEIFS(purchases!$A$2:$A$2001,purchases!$E$2:$E$2001,A28)"),67) -> 67 | C28: 45474
A29: 45481 | B29: =IFERROR(__xludf.DUMMYFUNCTION("COUNTUNIQUEIFS(purchases!$A$2:$A$2001,purchases!$E$2:$E$2001,A29)"),3) -> 3 | C29: 45474

Sheet mau
A1: Month | B1: MAU | C1: Average DAU | D1: Average WAU | E1: DAU/MAU | F1: WAU/MAU
A2: 45292 | B2: =IFERROR(__xludf.DUMMYFUNCTION("COUNTUNIQUEIFS(purchases!$A$2:$A$2001,purchases!$F$2:$F$2001,A2)"),295) -> 295 | C2: =AVERAGEIFS(dau!$B$2:$B$190,dau!$C$2:$C$190,A2) -> 9.8333333 | D2: =AVERAGEIFS(wau!$B$2:$B$29,wau!$C$2:$C$29,A2) -> 68.4 | E2: =C2/B2 -> 0.033333333 | F2: =D2/B2 -> 0.23186441
A3: 45323 | B3: =IFERROR(__xludf.DUMMYFUNCTION("COUNTUNIQUEIFS(purchases!$A$2:$A$2001,purchases!$F$2:$F$2001,A3)"),319) -> 319 | C3: =AVERAGEIFS(dau!$B$2:$B$190,dau!$C$2:$C$190,A3) -> 11 | D3: =AVERAGEIFS(wau!$B$2:$B$29,wau!$C$2:$C$29,A3) -> 75.75 | E3: =C3/B3 -> 0.034482759 | F3: =D3/B3 -> 0.23746082
A4: 45352 | B4: =IFERROR(__xludf.DUMMYFUNCTION("COUNTUNIQUEIFS(purchases!$A$2:$A$2001,purchases!$F$2:$F$2001,A4)"),377) -> 377 | C4: =AVERAGEIFS(dau!$B$2:$B$190,dau!$C$2:$C$190,A4) -> 12.16129 | D4: =AVERAGEIFS(wau!$B$2:$B$29,wau!$C$2:$C$29,A4) -> 86.5 | E4: =C4/B4 -> 0.032258065 | F4: =D4/B4 -> 0.22944297
A5: 45383 | B5: =IFERROR(__xludf.DUMMYFUNCTION("COUNTUNIQUEIFS(purchases!$A$2:$A$2001,purchases!$F$2:$F$2001,A5)"),318) -> 318 | C5: =AVERAGEIFS(dau!$B$2:$B$190,dau!$C$2:$C$190,A5) -> 10.6 | D5: =AVERAGEIFS(wau!$B$2:$B$29,wau!$C$2:$C$29,A5) -> 73.2 | E5: =C5/B5 -> 0.033333333 | F5: =D5/B5 -> 0.23018868
A6: 45413 | B6: =IFERROR(__xludf.DUMMYFUNCTION("COUNTUNIQUEIFS(purchases!$A$2:$A$2001,purchases!$F$2:$F$2001,A6)"),316) -> 316 | C6: =AVERAGEIFS(dau!$B$2:$B$190,dau!$C$2:$C$190,A6) -> 10.193548 | D6: =AVERAGEIFS(wau!$B$2:$B$29,wau!$C$2:$C$29,A6) -> 72.25 | E6: =C6/B6 -> 0.032258065 | F6: =D6/B6 -> 0.22863924
A7: 45444 | B7: =IFERROR(__xludf.DUMMYFUNCTION("COUNTUNIQUEIFS(purchases!$A$2:$A$2001,purchases!$F$2:$F$2001,A7)"),305) -> 305 | C7: =AVERAGEIFS(dau!$B$2:$B$190,dau!$C$2:$C$190,A7) -> 10.166667 | D7: =AVERAGEIFS(wau!$B$2:$B$29,wau!$C$2:$C$29,A7) -> 71 | E7: =C7/B7 -> 0.033333333 | F7: =D7/B7 -> 0.23278689
A8: 45474 | B8: =IFERROR(__xludf.DUMMYFUNCTION("COUNTUNIQUEIFS(purchases!$A$2:$A$2001,purchases!$F$2:$F$2001,A8)"),70) -> 70 | C8: =AVERAGEIFS(dau!$B$2:$B$190,dau!$C$2:$C$190,A8) -> 8.75 | D8: =AVERAGEIFS(wau!$B$2:$B$29,wau!$C$2:$C$29,A8) -> 35 | E8: =C8/B8 -> 0.125 | F8: =D8/B8 -> 0.5
C9: Встанови числовий формат 0.00

Sheet questions
A1: Питання | B1: Відповідь
A2: У якому місяці MAU було найвищим? | B2: березень
A3: У якому місяці MAU було найнижчим? | B3: липень
A4: Який тренд має DAU ? | B4: стабільний
A5: Який тренд демонструє WAU ? | B5: негативний
A6: У якому місяці DAU/MAU було найвищим? | B6: липень
A7: Що призвело до стрімкого зростання DAU/MAU ? | B7: падіння MAU
A8: Якщо DAU/MAU ~0.03 — це означає, що продукт… | B8: не викликає щоденої звички
A9: Якщо MAU росте, а DAU/MAU падає — це означає… | B9: нові користувачі малоактивні
A10: Якщо WAU/MAU стабільне, це означає, що користувачі… | B10: стабільно користуються продуктом
